id_client,date_inscription,segment,ville,age
C00001,2023-03-16,Professionnel,Marseille,42.0
C00002,2020-07-30,Particulier,strasbourg,49.0
C00003,2023-05-29,Particulier,Nantes,
C00004,2022-11-11,Particulier,Lille,32.0
C00005,2019-03-16,Particulier,TOULOUSE,29.0
C00006,2021-07-31,Association,Nantes,43.0
C00007,2022-02-04,Professionnel,Bordeaux,51.0
C00008,2019-03-03,Particulier,bordeaux,38.0
C00009,2024-06-08,Association,lille,
C00010,2020-07-16,Association,Toulouse,35.0
C00011,2021-10-07,Professionnel,Marseille,
C00012,2023-06-17,Particulier,LILLE,36.0
C00013,2023-03-24,Professionnel,Lyon,34.0
C00014,2021-09-29,Association,Strasbourg,49.0
C00015,2019-11-29,Particulier,  Lyon ,39.0
C00016,2020-12-24,Association,BORDEAUX,28.0
C00017,2021-01-02,Association,Paris,36.0
C00018,2024-04-22,Particulier,Toulouse,28.0
C00019,2023-01-13,Particulier,TOULOUSE,
C00020,2021-06-30,Professionnel,  Lyon ,44.0
C00021,2021-12-29,Particulier,Lyon,41.0
C00022,2022-12-09,Professionnel,Lille,61.0
C00023,2019-07-09,Professionnel,LILLE,43.0
C00024,2019-03-25,Particulier,Toulouse,45.0
C00025,2022-09-17,Particulier,Lille,999.0
C00026,2024-01-25,Association,Marseille,49.0
C00027,2020-08-12,Particulier,Bordeaux,27.0
C00028,2023-04-15,Particulier,Lille,78.0
C00029,2021-06-01,Association,Paris,13.0
C00030,2020-06-17,Association,Toulouse,33.0
C00031,2020-07-23,Particulier,Marseille,43.0
C00032,2019-10-08,Particulier,BORDEAUX,34.0
C00033,2019-08-26,Particulier,Bordeaux,
C00034,2023-03-18,Particulier,Strasbourg,25.0
C00035,2020-04-17,Particulier,Paris,68.0
C00036,2023-07-18,Particulier,  Marseille ,53.0
C00037,2022-06-23,Particulier,Toulouse,40.0
C00038,2024-02-16,Particulier,STRASBOURG,25.0
C00039,2024-04-22,Association,Lyon,61.0
C00040,2023-11-17,Particulier,Toulouse,57.0
C00041,2019-02-14,Professionnel,Strasbourg,55.0
C00042,2019-07-08,Professionnel,  Strasbourg ,25.0
C00043,2024-03-10,Particulier,nantes,63.0
C00044,2019-11-03,Professionnel,Strasbourg,26.0
C00045,2020-07-15,Particulier,Lyon,35.0
C00046,2021-09-28,Particulier,LILLE,59.0
C00047,2020-07-12,Particulier,Lyon,14.0
C00048,2021-10-09,Association,Marseille,29.0
C00049,2023-09-25,Professionnel,Nantes,23.0
C00050,2019-09-20,Particulier,Toulouse,34.0
C00051,2024-04-30,Particulier,Paris,47.0
C00052,2024-03-26,Professionnel,Marseille,
C00053,2022-04-08,Professionnel,Marseille,26.0
C00054,2019-10-08,Professionnel,Nantes,65.0
C00055,2019-12-29,Association,Lille,21.0
C00056,2023-04-19,Association,NANTES,31.0
C00057,2020-05-16,Professionnel,paris,38.0
C00058,2022-04-27,Association,Toulouse,34.0
C00059,2019-08-26,Particulier,Toulouse,
C00060,2023-10-01,Particulier,  Strasbourg ,24.0
C00061,2024-06-12,Professionnel,Lille,78.0
C00062,2019-05-14,Particulier,strasbourg,63.0
C00063,2020-09-29,Particulier,bordeaux,51.0
C00064,2019-11-28,Particulier,bordeaux,23.0
C00065,2021-12-16,Particulier,MARSEILLE,44.0
C00066,2019-04-17,Particulier,Toulouse,43.0
C00067,2023-07-15,Particulier,Bordeaux,41.0
C00068,2023-08-30,Professionnel,toulouse,77.0
C00069,2020-04-01,Particulier,Paris,46.0
C00070,2019-04-09,Particulier,Marseille,26.0
C00071,2019-07-06,Association,MARSEILLE,47.0
C00072,2019-07-18,Association,Nantes,26.0
C00073,2020-10-03,Professionnel,Toulouse,41.0
C00074,2023-04-07,Professionnel,Bordeaux,42.0
C00075,2024-04-17,Association,Lyon,37.0
C00076,2022-07-03,Particulier,nantes,18.0
C00077,2019-11-27,Particulier,marseille,21.0
C00078,2021-01-02,Professionnel,Bordeaux,27.0
C00079,2020-04-15,Particulier,Marseille,48.0
C00080,2021-08-19,Professionnel,Toulouse,63.0
C00081,2021-09-05,Professionnel,Marseille,37.0
C00082,2022-06-19,Particulier,Toulouse,25.0
C00083,2022-04-09,Professionnel,Marseille,
C00084,2022-05-13,Professionnel,Strasbourg,50.0
C00085,2021-11-12,Association,paris,25.0
C00086,2023-05-21,Particulier,Lyon,31.0
C00087,2024-02-06,Association,  Bordeaux ,
C00088,2019-07-10,Professionnel,paris,
C00089,2019-01-16,Professionnel,Bordeaux,44.0
C00090,2023-03-08,Association,Nantes,14.0
C00091,2019-10-06,Association,TOULOUSE,20.0
C00092,2019-06-25,Particulier,Nantes,33.0
C00093,2020-02-21,Professionnel,Nantes,44.0
C00094,2023-03-06,Professionnel,Toulouse,39.0
C00095,2020-09-18,Particulier,marseille,53.0
C00096,2021-05-25,Professionnel,Bordeaux,31.0
C00097,2024-03-13,Association,Lille,51.0
C00098,2021-01-22,Professionnel,Lyon,51.0
C00099,2021-04-27,Particulier,Strasbourg,38.0
C00100,2019-09-01,Particulier,Paris,
C00101,2019-07-11,Particulier,Bordeaux,24.0
C00102,2021-07-06,Particulier,  Strasbourg ,47.0
C00103,2023-01-16,Professionnel,LILLE,
C00104,2023-10-25,Professionnel,Paris,50.0
C00105,2022-08-24,Association,Marseille,42.0
C00106,2019-06-30,Professionnel,BORDEAUX,
C00107,2021-06-25,Particulier,Strasbourg,51.0
C00108,2023-12-27,Particulier,PARIS,39.0
C00109,2019-11-09,Particulier,Nantes,24.0
C00110,2020-04-22,Particulier,STRASBOURG,50.0
C00111,2024-04-20,Association,Toulouse,55.0
C00112,2023-08-03,Particulier,toulouse,58.0
C00113,2022-01-01,Professionnel,Paris,33.0
C00114,2023-01-09,Particulier,  Toulouse ,51.0
C00115,2021-11-11,Association,Lyon,46.0
C00116,2022-05-17,Particulier,Paris,17.0
C00117,2021-04-03,Particulier,PARIS,34.0
C00118,2024-05-14,Professionnel,Lille,38.0
C00119,2023-10-12,Professionnel,lille,58.0
C00120,2020-08-25,Particulier,Bordeaux,36.0
C00121,2021-06-04,Association,bordeaux,39.0
C00122,2021-03-19,Association,NANTES,41.0
C00123,2024-03-10,Particulier,  Lille ,30.0
C00124,2022-05-06,Particulier,Toulouse,30.0
C00125,2023-08-08,Particulier,Nantes,26.0
C00126,2019-03-14,Particulier,Strasbourg,55.0
C00127,2019-07-10,Professionnel,Lille,35.0
C00128,2022-07-19,Professionnel,  Bordeaux ,36.0
C00129,2020-11-16,Professionnel,Nantes,41.0
C00130,2020-12-22,Association,Bordeaux,42.0
C00131,2019-09-14,Association,Bordeaux,38.0
C00132,2023-05-19,Particulier,Marseille,49.0
C00133,2023-10-04,Association,MARSEILLE,37.0
C00134,2020-10-30,Particulier,  Bordeaux ,17.0
C00135,2023-12-11,Particulier,Lyon,21.0
C00136,2021-01-14,Professionnel,Lille,-1.0
C00137,2021-10-13,Particulier,Lyon,72.0
C00138,2023-03-25,Particulier,Lille,20.0
C00139,2023-02-15,Particulier,Marseille,39.0
C00140,2020-02-23,Professionnel,nantes,32.0
C00141,2021-04-15,Association,Bordeaux,28.0
C00142,2023-08-06,Professionnel,lyon,59.0
C00143,2023-08-13,Particulier,STRASBOURG,42.0
C00144,2021-05-17,Particulier,paris,28.0
C00145,2020-05-03,Association,LILLE,20.0
C00146,2020-08-07,Particulier,Lyon,9.0
C00147,2019-01-28,Particulier,  Lille ,30.0
C00148,2022-06-29,Professionnel,Toulouse,38.0
C00149,2022-05-12,Particulier,Nantes,50.0
C00150,2020-11-07,Association,Strasbourg,44.0
C00151,2022-10-10,Association,Toulouse,37.0
C00152,2022-03-20,Particulier,Marseille,29.0
C00153,2019-02-13,Particulier,Toulouse,41.0
C00154,2019-12-22,Particulier,lille,38.0
C00155,2022-04-30,Association,Marseille,43.0
C00156,2022-04-11,Professionnel,  Lyon ,29.0
C00157,2021-11-17,Professionnel,Paris,58.0
C00158,2021-08-13,Association,Strasbourg,9.0
C00159,2020-07-23,Association,Toulouse,27.0
C00160,2019-08-17,Professionnel,Paris,30.0
C00161,2024-04-07,Professionnel,Nantes,25.0
C00162,2020-07-30,Professionnel,Lyon,35.0
C00163,2019-01-10,Particulier,NANTES,35.0
C00164,2021-09-06,Association,Strasbourg,17.0
C00165,2020-04-28,Particulier,Strasbourg,57.0
C00166,2022-01-15,Professionnel,Lyon,50.0
C00167,2020-04-21,Particulier,Toulouse,47.0
C00168,2019-08-07,Association,Marseille,46.0
C00169,2019-01-17,Association,Nantes,50.0
C00170,2019-04-08,Association,Lille,35.0
C00171,2021-06-06,Particulier,Lyon,32.0
C00172,2019-03-01,Professionnel,Bordeaux,58.0
C00173,2020-05-24,Particulier,Lille,61.0
C00174,2023-09-03,Association,Toulouse,36.0
C00175,2019-08-18,Particulier,Marseille,26.0
C00176,2019-06-19,Professionnel,Nantes,50.0
C00177,2021-12-03,Association,  Marseille ,36.0
C00178,2019-10-01,Particulier,Bordeaux,24.0
C00179,2023-01-09,Professionnel,Bordeaux,35.0
C00180,2021-09-20,Particulier,Lyon,26.0
C00181,2020-12-02,Particulier,LYON,29.0
C00182,2022-06-23,Association,Strasbourg,19.0
C00183,2024-04-08,Professionnel,Marseille,36.0
C00184,2023-11-29,Particulier,Marseille,47.0
C00185,2020-09-04,Professionnel,Lyon,51.0
C00186,2022-07-30,Particulier,  Bordeaux ,51.0
C00187,2019-12-21,Particulier,Marseille,46.0
C00188,2022-01-27,Particulier,Paris,51.0
C00189,2023-09-18,Particulier,Toulouse,34.0
C00190,2023-06-18,Professionnel,Marseille,34.0
C00191,2019-12-09,Professionnel,STRASBOURG,999.0
C00192,2024-03-25,Professionnel,Marseille,53.0
C00193,2024-02-20,Association,BORDEAUX,30.0
C00194,2020-05-07,Professionnel,Paris,38.0
C00195,2023-04-30,Particulier,PARIS,27.0
C00196,2021-02-08,Professionnel,Nantes,29.0
C00197,2024-05-08,Particulier,Paris,49.0
C00198,2019-01-04,Particulier,Lyon,40.0
C00199,2019-08-11,Professionnel,Paris,20.0
C00200,2021-05-12,Professionnel,Lille,39.0
C00201,2020-04-03,Particulier,  Toulouse ,
C00202,2022-09-28,Particulier,Toulouse,50.0
C00203,2021-08-23,Particulier,Lyon,46.0
C00204,2019-10-28,Professionnel,lyon,44.0
C00205,2019-06-29,Particulier,paris,51.0
C00206,2019-08-10,Professionnel,  Lyon ,56.0
C00207,2020-04-06,Professionnel,Bordeaux,42.0
C00208,2023-09-03,Professionnel,marseille,36.0
C00209,2024-06-13,Association,  Bordeaux ,37.0
C00210,2021-06-27,Association,Bordeaux,55.0
C00211,2023-01-08,Professionnel,  Bordeaux ,49.0
C00212,2022-04-16,Particulier,Paris,50.0
C00213,2023-07-05,Particulier,LYON,17.0
C00214,2019-02-08,Professionnel,Lille,
C00215,2020-08-26,Professionnel,  Lyon ,44.0
C00216,2022-04-02,Particulier,lyon,26.0
C00217,2019-05-01,Particulier,Lyon,24.0
C00218,2019-01-09,Association,Marseille,52.0
C00219,2021-02-15,Particulier,Paris,41.0
C00220,2021-12-08,Particulier,  Lille ,31.0
C00221,2021-06-13,Professionnel,  Bordeaux ,46.0
C00222,2023-07-31,Particulier,Strasbourg,54.0
C00223,2023-08-22,Association,  Paris ,30.0
C00224,2022-01-12,Professionnel,Lyon,57.0
C00225,2023-03-07,Professionnel,Lille,
C00226,2021-04-18,Association,LYON,33.0
C00227,2020-12-17,Professionnel,Bordeaux,32.0
C00228,2023-11-15,Professionnel,Toulouse,44.0
C00229,2020-12-20,Association,lille,59.0
C00230,2023-09-14,Association,strasbourg,13.0
C00231,2023-10-26,Professionnel,Strasbourg,41.0
C00232,2021-10-31,Particulier,Lille,46.0
C00233,2024-03-14,Professionnel,NANTES,36.0
C00234,2023-09-28,Association,NANTES,59.0
C00235,2021-05-12,Professionnel,TOULOUSE,65.0
C00236,2021-01-24,Professionnel,Strasbourg,42.0
C00237,2022-06-07,Particulier,Nantes,52.0
C00238,2021-03-29,Particulier,Lille,34.0
C00239,2019-05-16,Particulier,Bordeaux,
C00240,2019-09-20,Particulier,Toulouse,15.0
C00241,2019-02-17,Association,  Lyon ,22.0
C00242,2023-02-16,Professionnel,  Lille ,51.0
C00243,2024-05-05,Particulier,Strasbourg,33.0
C00244,2020-06-02,Particulier,Lille,50.0
C00245,2020-05-04,Professionnel,Paris,15.0
C00246,2020-05-19,Particulier,Lyon,40.0
C00247,2023-03-26,Association,Marseille,26.0
C00248,2024-03-20,Professionnel,marseille,57.0
C00249,2020-03-20,Professionnel,PARIS,18.0
C00250,2022-05-18,Particulier,nantes,41.0
C00251,2021-06-27,Particulier,Bordeaux,32.0
C00252,2023-01-10,Professionnel,Bordeaux,46.0
C00253,2019-08-10,Professionnel,Marseille,61.0
C00254,2024-02-27,Particulier,Bordeaux,24.0
C00255,2021-02-08,Particulier,Paris,31.0
C00256,2021-04-07,Particulier,  Nantes ,53.0
C00257,2019-09-26,Association,Lille,28.0
C00258,2021-11-27,Professionnel,  Bordeaux ,36.0
C00259,2019-03-15,Association,Lyon,33.0
C00260,2021-11-01,Particulier,Marseille,46.0
C00261,2023-07-09,Particulier,lille,41.0
C00262,2024-03-19,Particulier,Lyon,45.0
C00263,2021-01-15,Professionnel,lille,39.0
C00264,2019-03-02,Particulier,Toulouse,52.0
C00265,2024-01-05,Professionnel,Paris,44.0
C00266,2021-11-29,Professionnel,Bordeaux,45.0
C00267,2023-06-22,Professionnel,Lyon,46.0
C00268,2024-01-16,Professionnel,TOULOUSE,58.0
C00269,2019-04-25,Professionnel,Marseille,40.0
C00270,2023-05-07,Professionnel,Nantes,27.0
C00271,2020-07-28,Professionnel,LYON,23.0
C00272,2020-07-15,Association,Marseille,41.0
C00273,2021-05-18,Particulier,Paris,43.0
C00274,2024-01-18,Professionnel,Lyon,55.0
C00275,2020-08-28,Professionnel,Marseille,46.0
C00276,2024-03-15,Professionnel,bordeaux,50.0
C00277,2024-05-26,Association,MARSEILLE,22.0
C00278,2023-11-20,Professionnel,Marseille,37.0
C00279,2023-02-10,Professionnel,  Nantes ,
C00280,2021-01-02,Professionnel,Nantes,45.0
C00281,2019-10-27,Professionnel,Nantes,42.0
C00282,2021-04-18,Particulier,Marseille,35.0
C00283,2021-07-17,Particulier,nantes,45.0
C00284,2022-08-27,Particulier,Marseille,45.0
C00285,2023-11-10,Particulier,nantes,34.0
C00286,2023-09-18,Professionnel,Strasbourg,41.0
C00287,2023-10-09,Particulier,lyon,49.0
C00288,2022-09-11,Association,marseille,49.0
C00289,2021-12-27,Professionnel,Strasbourg,12.0
C00290,2020-05-25,Particulier,Nantes,56.0
C00291,2021-11-04,Particulier,Nantes,47.0
C00292,2021-03-11,Professionnel,Bordeaux,33.0
C00293,2019-12-19,Association,Strasbourg,
C00294,2021-12-25,Professionnel,Toulouse,31.0
C00295,2023-06-07,Particulier,Lille,48.0
C00296,2023-08-14,Association,Marseille,38.0
C00297,2020-04-11,Professionnel,Strasbourg,23.0
C00298,2020-04-25,Professionnel,  Nantes ,42.0
C00299,2021-07-12,Professionnel,Nantes,59.0
C00300,2023-06-21,Particulier,nantes,40.0
C00301,2019-03-20,Particulier,Toulouse,59.0
C00302,2019-10-04,Professionnel,LYON,38.0
C00303,2021-06-20,Association,toulouse,43.0
C00304,2021-04-25,Particulier,Paris,59.0
C00305,2022-06-19,Particulier,bordeaux,46.0
C00306,2020-06-25,Particulier,Lyon,22.0
C00307,2022-11-22,Professionnel,strasbourg,37.0
C00308,2022-01-09,Particulier,Bordeaux,43.0
C00309,2019-01-03,Association,Bordeaux,40.0
C00310,2019-07-10,Professionnel,Paris,57.0
C00311,2020-08-16,Particulier,Nantes,48.0
C00312,2022-09-06,Professionnel,Marseille,23.0
C00313,2023-12-18,Professionnel,Marseille,51.0
C00314,2023-02-06,Professionnel,Lyon,37.0
C00315,2020-06-18,Particulier,Toulouse,55.0
C00316,2019-11-04,Particulier,MARSEILLE,46.0
C00317,2020-03-29,Particulier,Bordeaux,37.0
C00318,2019-03-11,Particulier,Paris,39.0
C00319,2019-02-22,Particulier,Nantes,29.0
C00320,2021-12-13,Particulier,BORDEAUX,38.0
C00321,2021-12-27,Professionnel,  Toulouse ,41.0
C00322,2021-10-05,Professionnel,Lyon,10.0
C00323,2021-04-03,Particulier,toulouse,41.0
C00324,2019-08-26,Professionnel,strasbourg,
C00325,2019-03-29,Professionnel,Paris,53.0
C00326,2019-10-02,Association,Toulouse,42.0
C00327,2020-01-03,Association,Nantes,9.0
C00328,2020-01-20,Professionnel,Lille,37.0
C00329,2020-05-18,Professionnel,Lyon,
C00330,2023-07-16,Particulier,LILLE,36.0
C00331,2024-02-05,Professionnel,Nantes,39.0
C00332,2021-04-17,Particulier,Marseille,31.0
C00333,2019-11-12,Particulier,  Toulouse ,46.0
C00334,2020-09-21,Particulier,Lyon,49.0
C00335,2020-12-25,Particulier,bordeaux,36.0
C00336,2022-07-16,Professionnel,Toulouse,60.0
C00337,2023-07-19,Particulier,Lyon,50.0
C00338,2020-03-06,Particulier,marseille,
C00339,2019-02-23,Particulier,BORDEAUX,23.0
C00340,2021-04-25,Professionnel,paris,-1.0
C00341,2019-12-27,Particulier,Lyon,29.0
C00342,2020-12-15,Particulier,Bordeaux,
C00343,2023-05-22,Association,Marseille,6.0
C00344,2019-08-03,Particulier,Toulouse,25.0
C00345,2020-02-03,Association,Paris,57.0
C00346,2021-11-18,Particulier,NANTES,
C00347,2019-05-05,Particulier,Strasbourg,48.0
C00348,2023-06-01,Association,Strasbourg,25.0
C00349,2021-11-27,Particulier,Lyon,42.0
C00350,2021-03-06,Professionnel,toulouse,48.0
C00351,2020-03-09,Particulier,BORDEAUX,57.0
C00352,2022-03-24,Professionnel,Paris,54.0
C00353,2023-05-21,Professionnel,Marseille,17.0
C00354,2021-02-21,Professionnel,Nantes,60.0
C00355,2021-02-06,Particulier,Marseille,31.0
C00356,2020-10-03,Association,Marseille,63.0
C00357,2020-09-03,Particulier,Marseille,42.0
C00358,2020-03-05,Professionnel,Toulouse,39.0
C00359,2021-11-18,Professionnel,Bordeaux,49.0
C00360,2022-08-30,Association,Paris,36.0
C00361,2019-07-27,Association,Paris,41.0
C00362,2019-03-19,Association,Bordeaux,38.0
C00363,2020-11-02,Professionnel,Nantes,14.0
C00364,2021-07-20,Particulier,Lyon,23.0
C00365,2023-10-28,Association,Paris,51.0
C00366,2020-06-24,Professionnel,Paris,13.0
C00367,2020-03-05,Professionnel,Lyon,20.0
C00368,2023-09-08,Association,Toulouse,41.0
C00369,2022-03-05,Particulier,LYON,48.0
C00370,2021-08-21,Particulier,Bordeaux,
C00371,2023-12-26,Particulier,Bordeaux,36.0
C00372,2019-08-25,Association,Lyon,46.0
C00373,2022-11-13,Particulier,Toulouse,38.0
C00374,2021-11-06,Professionnel,Strasbourg,31.0
C00375,2022-06-07,Professionnel,Lille,
C00376,2019-03-22,Professionnel,Lyon,20.0
C00377,2021-06-13,Particulier,lille,16.0
C00378,2019-07-13,Professionnel,Lyon,46.0
C00379,2021-04-09,Association,STRASBOURG,49.0
C00380,2023-10-09,Association,Strasbourg,46.0
C00381,2020-12-29,Particulier,Nantes,27.0
C00382,2024-04-01,Professionnel,Lille,52.0
C00383,2021-11-10,Association,PARIS,
C00384,2023-08-02,Association,TOULOUSE,65.0
C00385,2024-02-17,Particulier,Paris,34.0
C00386,2022-02-08,Professionnel,Toulouse,52.0
C00387,2019-12-11,Association,  Lille ,36.0
C00388,2020-07-26,Particulier,BORDEAUX,57.0
C00389,2019-09-12,Professionnel,Strasbourg,51.0
C00390,2023-08-12,Particulier,bordeaux,45.0
C00391,2020-08-23,Professionnel,Strasbourg,44.0
C00392,2024-04-27,Particulier,Lyon,36.0
C00393,2023-09-22,Particulier,Nantes,42.0
C00394,2019-06-29,Professionnel,Paris,29.0
C00395,2020-01-23,Association,Paris,33.0
C00396,2019-11-12,Association,Marseille,48.0
C00397,2021-02-06,Professionnel,Lyon,22.0
C00398,2020-04-17,Professionnel,paris,34.0
C00399,2019-10-24,Particulier,Paris,44.0
C00400,2021-12-10,Professionnel,marseille,35.0
C00401,2023-09-23,Professionnel,Nantes,57.0
C00402,2020-11-26,Particulier,lyon,53.0
C00403,2022-05-26,Association,Paris,38.0
C00404,2021-12-16,Particulier,Paris,43.0
C00405,2019-12-15,Professionnel,Lyon,52.0
C00406,2022-12-14,Association,Toulouse,
C00407,2023-07-03,Particulier,Lyon,44.0
C00408,2021-10-13,Association,Paris,24.0
C00409,2021-10-22,Particulier,Lille,45.0
C00410,2022-03-31,Particulier,Nantes,44.0
C00411,2022-04-10,Association,Lyon,37.0
C00412,2021-08-09,Professionnel,Marseille,39.0
C00413,2023-02-04,Professionnel,Paris,39.0
C00414,2023-09-09,Professionnel,Lyon,45.0
C00415,2023-04-06,Professionnel,Nantes,29.0
C00416,2021-04-30,Professionnel,Bordeaux,
C00417,2021-09-06,Particulier,toulouse,18.0
C00418,2019-09-20,Particulier,Marseille,11.0
C00419,2020-03-25,Association,  Lyon ,68.0
C00420,2024-03-27,Professionnel,paris,46.0
C00421,2020-10-18,Professionnel,Lyon,999.0
C00422,2022-11-17,Association,Lyon,23.0
C00423,2023-05-24,Particulier,  Lyon ,32.0
C00424,2019-09-12,Professionnel,Lille,36.0
C00425,2021-04-25,Particulier,Bordeaux,26.0
C00426,2023-06-19,Particulier,Paris,32.0
C00427,2020-11-10,Particulier,lille,38.0
C00428,2021-02-23,Professionnel,Marseille,66.0
C00429,2020-01-03,Particulier,lyon,48.0
C00430,2020-08-28,Association,nantes,43.0
C00431,2019-04-29,Association,Marseille,36.0
C00432,2023-10-01,Professionnel,Paris,37.0
C00433,2023-07-23,Association,Strasbourg,55.0
C00434,2019-06-12,Professionnel,Toulouse,49.0
C00435,2021-09-10,Particulier,Paris,53.0
C00436,2023-08-01,Association,nantes,50.0
C00437,2019-05-18,Association,Paris,60.0
C00438,2023-11-15,Particulier,Paris,39.0
C00439,2023-07-03,Professionnel,Marseille,17.0
C00440,2022-01-19,Professionnel,strasbourg,20.0
C00441,2023-02-02,Particulier,Marseille,36.0
C00442,2023-07-27,Particulier,paris,51.0
C00443,2020-03-27,Professionnel,  Nantes ,35.0
C00444,2019-10-08,Particulier,Toulouse,28.0
C00445,2024-04-04,Particulier,Nantes,43.0
C00446,2021-05-09,Association,  Paris ,38.0
C00447,2022-05-01,Professionnel,Lille,22.0
C00448,2020-03-02,Professionnel,Toulouse,12.0
C00449,2023-11-01,Particulier,paris,39.0
C00450,2023-06-08,Professionnel,Nantes,19.0
C00451,2019-11-09,Particulier,paris,28.0
C00452,2021-03-31,Particulier,Bordeaux,38.0
C00453,2023-01-17,Professionnel,Lille,46.0
C00454,2021-03-17,Particulier,  Nantes ,27.0
C00455,2019-06-23,Professionnel,STRASBOURG,57.0
C00456,2020-02-06,Particulier,Lyon,
C00457,2020-01-20,Professionnel,Lyon,36.0
C00458,2020-06-16,Professionnel,  Nantes ,42.0
C00459,2019-02-17,Association,Marseille,78.0
C00460,2023-08-21,Professionnel,LILLE,48.0
C00461,2023-04-23,Professionnel,Lille,56.0
C00462,2024-01-09,Professionnel,Lille,61.0
C00463,2021-11-12,Particulier,Toulouse,25.0
C00464,2022-05-22,Professionnel,paris,44.0
C00465,2019-11-15,Association,Toulouse,53.0
C00466,2023-10-20,Particulier,Paris,47.0
C00467,2019-11-19,Professionnel,  Bordeaux ,49.0
C00468,2020-04-21,Particulier,Strasbourg,56.0
C00469,2023-09-12,Particulier,Bordeaux,34.0
C00470,2020-05-08,Professionnel,Toulouse,37.0
C00471,2023-05-13,Particulier,Nantes,18.0
C00472,2022-12-14,Professionnel,Paris,26.0
C00473,2020-12-12,Professionnel,Strasbourg,56.0
C00474,2019-07-07,Professionnel,Lyon,44.0
C00475,2021-10-30,Professionnel,Lille,20.0
C00476,2023-11-03,Professionnel,Lille,20.0
C00477,2020-04-15,Professionnel,Marseille,31.0
C00478,2019-02-18,Particulier,Strasbourg,34.0
C00479,2022-04-25,Particulier,LYON,49.0
C00480,2023-09-27,Professionnel,Toulouse,52.0
C00481,2023-10-01,Particulier,Paris,38.0
C00482,2023-09-30,Particulier,Bordeaux,24.0
C00483,2021-12-31,Professionnel,Nantes,71.0
C00484,2020-04-06,Particulier,Toulouse,34.0
C00485,2019-08-04,Professionnel,Paris,44.0
C00486,2021-08-10,Particulier,Paris,54.0
C00487,2019-02-04,Association,Lille,11.0
C00488,2022-03-03,Particulier,Strasbourg,42.0
C00489,2022-09-18,Association,Lyon,48.0
C00490,2020-02-28,Particulier,marseille,32.0
C00491,2019-05-03,Association,PARIS,42.0
C00492,2023-07-13,Professionnel,Bordeaux,41.0
C00493,2021-03-29,Association,Bordeaux,38.0
C00494,2022-11-26,Particulier,Strasbourg,23.0
C00495,2019-05-17,Particulier,Lille,999.0
C00496,2019-11-04,Professionnel,Lille,23.0
C00497,2024-03-20,Professionnel,Lyon,33.0
C00498,2023-03-11,Particulier,strasbourg,30.0
C00499,2022-07-24,Association,  Marseille ,33.0
C00500,2020-08-02,Particulier,Lyon,70.0
C00501,2019-11-07,Professionnel,bordeaux,25.0
C00502,2022-09-11,Professionnel,BORDEAUX,
C00503,2019-04-13,Particulier,NANTES,51.0
C00504,2021-05-31,Professionnel,marseille,36.0
C00505,2021-07-16,Professionnel,Nantes,24.0
C00506,2021-09-25,Particulier,Bordeaux,23.0
C00507,2024-04-01,Professionnel,Bordeaux,60.0
C00508,2019-05-24,Particulier,Paris,28.0
C00509,2020-10-31,Particulier,Bordeaux,55.0
C00510,2021-06-20,Professionnel,bordeaux,19.0
C00511,2022-03-20,Particulier,Lyon,37.0
C00512,2023-01-06,Professionnel,Bordeaux,39.0
C00513,2019-07-31,Association,paris,
C00514,2020-10-14,Particulier,Lyon,42.0
C00515,2019-11-03,Particulier,Nantes,40.0
C00516,2023-02-21,Particulier,Lyon,15.0
C00517,2022-12-22,Particulier,  Toulouse ,43.0
C00518,2022-03-10,Professionnel,Nantes,
C00519,2020-11-12,Professionnel,Strasbourg,51.0
C00520,2020-02-12,Particulier,Marseille,49.0
C00521,2024-02-21,Particulier,Bordeaux,29.0
C00522,2023-12-18,Professionnel,  Strasbourg ,26.0
C00523,2022-06-27,Professionnel,Toulouse,42.0
C00524,2022-06-27,Particulier,Bordeaux,29.0
C00525,2021-04-28,Particulier,lille,52.0
C00526,2023-08-29,Association,bordeaux,41.0
C00527,2024-05-23,Professionnel,LILLE,49.0
C00528,2019-12-21,Particulier,  Paris ,49.0
C00529,2019-01-21,Particulier,Nantes,38.0
C00530,2023-08-25,Particulier,Paris,49.0
C00531,2022-09-11,Particulier,LYON,
C00532,2023-11-22,Particulier,nantes,49.0
C00533,2020-11-05,Professionnel,paris,52.0
C00534,2022-08-12,Particulier,Toulouse,27.0
C00535,2023-10-09,Particulier,  Nantes ,64.0
C00536,2020-12-20,Professionnel,TOULOUSE,59.0
C00537,2021-08-22,Professionnel,LYON,14.0
C00538,2022-07-12,Particulier,Bordeaux,0.0
C00539,2020-03-19,Professionnel,BORDEAUX,30.0
C00540,2022-04-21,Professionnel,BORDEAUX,
C00541,2022-02-24,Particulier,Lyon,35.0
C00542,2023-07-07,Professionnel,lyon,48.0
C00543,2021-12-01,Particulier,Strasbourg,25.0
C00544,2019-01-25,Association,Bordeaux,46.0
C00545,2020-04-10,Association,Toulouse,48.0
C00546,2023-08-27,Particulier,Paris,32.0
C00547,2022-06-30,Professionnel,bordeaux,21.0
C00548,2019-05-31,Professionnel,Nantes,55.0
C00549,2022-12-16,Professionnel,  Nantes ,999.0
C00550,2023-01-06,Particulier,lyon,18.0
C00551,2022-12-27,Particulier,Marseille,57.0
C00552,2020-03-06,Association,Paris,25.0
C00553,2023-04-20,Particulier,Toulouse,24.0
C00554,2020-05-30,Particulier,Paris,36.0
C00555,2021-06-20,Particulier,Nantes,29.0
C00556,2019-05-23,Particulier,Marseille,44.0
C00557,2021-10-19,Particulier,Lille,43.0
C00558,2023-08-13,Particulier,Marseille,37.0
C00559,2020-01-15,Particulier,Lille,32.0
C00560,2019-10-11,Particulier,Marseille,
C00561,2021-12-20,Particulier,lyon,35.0
C00562,2021-04-08,Professionnel,  Nantes ,42.0
C00563,2022-10-02,Professionnel,Bordeaux,51.0
C00564,2019-08-06,Particulier,  Toulouse ,47.0
C00565,2020-10-09,Particulier,Paris,41.0
C00566,2021-11-26,Particulier,TOULOUSE,43.0
C00567,2023-02-22,Particulier,Bordeaux,23.0
C00568,2023-04-15,Association,PARIS,53.0
C00569,2020-05-09,Professionnel,  Strasbourg ,44.0
C00570,2022-06-18,Particulier,Bordeaux,35.0
C00571,2021-01-02,Particulier,Strasbourg,44.0
C00572,2020-11-03,Particulier,TOULOUSE,26.0
C00573,2019-07-25,Association,Strasbourg,24.0
C00574,2024-05-10,Particulier,lyon,
C00575,2023-04-27,Professionnel,LILLE,48.0
C00576,2024-02-04,Professionnel,Paris,999.0
C00577,2023-10-28,Professionnel,Bordeaux,21.0
C00578,2020-07-12,Particulier,Lyon,34.0
C00579,2023-12-29,Association,toulouse,49.0
C00580,2019-03-04,Particulier,lyon,34.0
C00581,2021-07-13,Particulier,Lille,44.0
C00582,2020-12-11,Particulier,Bordeaux,31.0
C00583,2022-07-30,Particulier,Marseille,49.0
C00584,2020-03-03,Particulier,Marseille,50.0
C00585,2022-02-03,Particulier,strasbourg,78.0
C00586,2023-02-03,Particulier,Nantes,34.0
C00587,2020-03-28,Professionnel,Lyon,26.0
C00588,2024-06-08,Particulier,nantes,45.0
C00589,2023-07-09,Professionnel,marseille,53.0
C00590,2019-01-29,Particulier,  Marseille ,36.0
C00591,2024-03-04,Particulier,  Strasbourg ,
C00592,2019-03-07,Particulier,toulouse,40.0
C00593,2021-04-16,Particulier,Marseille,29.0
C00594,2019-06-29,Professionnel,marseille,43.0
C00595,2022-04-13,Association,Paris,39.0
C00596,2021-11-29,Association,Toulouse,43.0
C00597,2023-01-06,Association,Marseille,51.0
C00598,2023-03-14,Professionnel,  Paris ,30.0
C00599,2021-09-12,Particulier,Toulouse,44.0
C00600,2019-07-06,Particulier,PARIS,37.0
C00601,2023-01-18,Professionnel,Nantes,27.0
C00602,2019-07-15,Professionnel,Marseille,47.0
C00603,2022-08-11,Particulier,  Marseille ,47.0
C00604,2021-04-30,Particulier,  Toulouse ,43.0
C00605,2024-01-08,Particulier,Strasbourg,41.0
C00606,2021-04-15,Particulier,Paris,999.0
C00607,2023-03-14,Particulier,Marseille,46.0
C00608,2023-07-06,Association,Lille,36.0
C00609,2021-09-20,Association,Marseille,36.0
C00610,2021-11-18,Professionnel,Strasbourg,57.0
C00611,2020-09-25,Particulier,Lyon,76.0
C00612,2022-02-01,Particulier,MARSEILLE,28.0
C00613,2019-12-28,Professionnel,NANTES,42.0
C00614,2020-06-01,Particulier,MARSEILLE,27.0
C00615,2020-06-06,Association,nantes,45.0
C00616,2022-03-21,Particulier,Paris,
C00617,2022-11-26,Particulier,Nantes,48.0
C00618,2023-10-12,Particulier,Marseille,57.0
C00619,2023-12-02,Particulier,Lille,31.0
C00620,2020-09-21,Particulier,Marseille,37.0
C00621,2020-09-07,Particulier,Marseille,41.0
C00622,2022-11-11,Professionnel,LILLE,36.0
C00623,2019-07-25,Particulier,Paris,16.0
C00624,2024-03-14,Association,Toulouse,39.0
C00625,2023-08-29,Particulier,Nantes,48.0
C00626,2020-08-16,Association,Lille,41.0
C00627,2022-08-22,Particulier,paris,38.0
C00628,2022-06-07,Particulier,Marseille,33.0
C00629,2024-06-18,Professionnel,Lille,48.0
C00630,2024-04-16,Particulier,Marseille,46.0
C00631,2020-12-04,Particulier,Bordeaux,51.0
C00632,2024-05-27,Professionnel,BORDEAUX,29.0
C00633,2019-03-02,Particulier,Lille,39.0
C00634,2022-12-17,Association,Paris,31.0
C00635,2021-06-11,Professionnel,Toulouse,
C00636,2019-03-14,Particulier,paris,69.0
C00637,2023-02-10,Professionnel,Bordeaux,26.0
C00638,2020-11-09,Professionnel,strasbourg,27.0
C00639,2021-09-16,Association,Nantes,29.0
C00640,2020-08-07,Particulier,Marseille,22.0
C00641,2020-03-05,Particulier,  Strasbourg ,32.0
C00642,2022-12-27,Professionnel,PARIS,56.0
C00643,2024-05-30,Association,Paris,49.0
C00644,2021-08-30,Association,Lyon,45.0
C00645,2022-01-25,Particulier,Lille,48.0
C00646,2024-06-13,Professionnel,Bordeaux,38.0
C00647,2023-03-05,Particulier,  Paris ,48.0
C00648,2023-03-09,Professionnel,Paris,46.0
C00649,2024-03-20,Particulier,Lille,52.0
C00650,2020-06-09,Particulier,marseille,65.0
C00651,2019-09-24,Professionnel,Strasbourg,57.0
C00652,2021-01-23,Particulier,lyon,
C00653,2019-07-11,Professionnel,Toulouse,70.0
C00654,2022-02-09,Professionnel,bordeaux,55.0
C00655,2021-10-30,Professionnel,  Paris ,56.0
C00656,2019-05-13,Association,Paris,34.0
C00657,2020-08-24,Particulier,TOULOUSE,29.0
C00658,2020-04-14,Particulier,Nantes,34.0
C00659,2023-11-08,Particulier,Bordeaux,57.0
C00660,2019-10-28,Professionnel,LILLE,58.0
C00661,2019-07-16,Association,Toulouse,45.0
C00662,2020-06-10,Professionnel,Toulouse,37.0
C00663,2020-06-13,Particulier,Lille,55.0
C00664,2020-05-16,Association,toulouse,12.0
C00665,2020-02-28,Professionnel,marseille,53.0
C00666,2023-08-23,Particulier,strasbourg,40.0
C00667,2019-08-16,Particulier,Lyon,76.0
C00668,2019-03-31,Particulier,MARSEILLE,60.0
C00669,2020-11-17,Professionnel,Nantes,38.0
C00670,2022-04-05,Particulier,  Marseille ,999.0
C00671,2021-10-04,Particulier,Strasbourg,49.0
C00672,2023-05-04,Professionnel,Lyon,25.0
C00673,2020-02-12,Particulier,Toulouse,45.0
C00674,2020-10-21,Professionnel,Toulouse,28.0
C00675,2021-09-25,Particulier,Strasbourg,73.0
C00676,2019-08-03,Particulier,Marseille,29.0
C00677,2023-08-29,Association,lyon,37.0
C00678,2023-03-11,Association,Toulouse,9.0
C00679,2019-08-01,Particulier,Paris,41.0
C00680,2023-02-23,Particulier,Marseille,21.0
C00681,2021-07-25,Particulier,Toulouse,33.0
C00682,2022-03-21,Particulier,Paris,40.0
C00683,2021-01-30,Association,nantes,19.0
C00684,2021-12-14,Particulier,Nantes,35.0
C00685,2021-08-22,Particulier,Lille,48.0
C00686,2022-08-07,Professionnel,Marseille,31.0
C00687,2023-05-17,Professionnel,Nantes,29.0
C00688,2019-07-22,Particulier,Toulouse,10.0
C00689,2022-01-14,Professionnel,MARSEILLE,61.0
C00690,2020-03-19,Particulier,Lyon,58.0
C00691,2024-04-05,Professionnel,Nantes,49.0
C00692,2023-09-25,Particulier,Toulouse,61.0
C00693,2020-10-22,Particulier,nantes,55.0
C00694,2021-01-16,Association,Lyon,64.0
C00695,2024-03-04,Particulier,Strasbourg,27.0
C00696,2021-02-05,Association,Toulouse,28.0
C00697,2020-01-10,Particulier,TOULOUSE,39.0
C00698,2023-11-03,Professionnel,Strasbourg,50.0
C00699,2023-02-02,Professionnel,Bordeaux,36.0
C00700,2022-09-28,Professionnel,Nantes,34.0
C00701,2023-08-18,Particulier,Strasbourg,30.0
C00702,2021-11-30,Professionnel,Paris,33.0
C00703,2023-10-11,Particulier,NANTES,24.0
C00704,2023-08-01,Particulier,marseille,31.0
C00705,2024-06-12,Particulier,lyon,58.0
C00706,2021-01-06,Professionnel,Toulouse,35.0
C00707,2024-04-09,Association,Nantes,29.0
C00708,2022-06-16,Professionnel,Marseille,50.0
C00709,2021-11-19,Particulier,Bordeaux,29.0
C00710,2023-04-12,Particulier,LYON,0.0
C00711,2020-09-24,Professionnel,Lille,58.0
C00712,2020-05-14,Particulier,Toulouse,51.0
C00713,2021-06-07,Particulier,  Bordeaux ,31.0
C00714,2021-12-22,Particulier,Bordeaux,12.0
C00715,2020-10-13,Particulier,Lille,48.0
C00716,2020-06-08,Particulier,LYON,56.0
C00717,2022-05-15,Professionnel,Lille,45.0
C00718,2022-04-22,Particulier,NANTES,63.0
C00719,2021-07-06,Professionnel,Lille,42.0
C00720,2022-01-20,Professionnel,Nantes,48.0
C00721,2019-11-14,Professionnel,Toulouse,64.0
C00722,2019-09-02,Particulier,STRASBOURG,17.0
C00723,2020-12-10,Particulier,strasbourg,40.0
C00724,2021-06-09,Association,bordeaux,55.0
C00725,2019-06-24,Particulier,Marseille,42.0
C00726,2022-07-29,Association,  Toulouse ,29.0
C00727,2021-09-19,Particulier,Paris,49.0
C00728,2024-03-16,Particulier,Bordeaux,51.0
C00729,2022-11-12,Professionnel,LILLE,36.0
C00730,2022-05-13,Professionnel,Lille,19.0
C00731,2020-08-28,Association,Lyon,13.0
C00732,2023-03-26,Particulier,Marseille,51.0
C00733,2021-01-22,Association,Marseille,45.0
C00734,2023-10-21,Association,marseille,55.0
C00735,2023-12-07,Professionnel,Strasbourg,46.0
C00736,2020-11-16,Particulier,  Marseille ,49.0
C00737,2022-03-23,Particulier,Marseille,40.0
C00738,2021-11-07,Particulier,Nantes,57.0
C00739,2020-05-13,Professionnel,lille,53.0
C00740,2023-02-28,Association,Toulouse,53.0
C00741,2023-07-15,Association,Bordeaux,45.0
C00742,2022-08-22,Particulier,Paris,47.0
C00743,2020-04-13,Professionnel,Toulouse,30.0
C00744,2024-01-28,Particulier,Strasbourg,54.0
C00745,2023-03-06,Particulier,Lille,39.0
C00746,2021-02-27,Professionnel,Strasbourg,28.0
C00747,2021-02-20,Association,LYON,23.0
C00748,2021-07-23,Particulier,Lille,35.0
C00749,2021-09-22,Particulier,Bordeaux,40.0
C00750,2021-08-02,Professionnel,Paris,32.0
C00751,2022-08-01,Professionnel,Toulouse,43.0
C00752,2022-03-11,Professionnel,Paris,60.0
C00753,2023-01-24,Professionnel,  Marseille ,42.0
C00754,2024-03-12,Particulier,Lyon,55.0
C00755,2021-09-19,Association,lille,56.0
C00756,2019-03-06,Association,Bordeaux,33.0
C00757,2022-09-08,Professionnel,Lille,28.0
C00758,2022-11-20,Particulier,Bordeaux,
C00759,2020-12-05,Particulier,Lille,72.0
C00760,2020-05-09,Particulier,paris,57.0
C00761,2024-04-07,Particulier,Lyon,33.0
C00762,2019-01-25,Particulier,Lille,46.0
C00763,2020-05-18,Particulier,Bordeaux,36.0
C00764,2023-01-21,Association,marseille,35.0
C00765,2021-11-01,Association,TOULOUSE,32.0
C00766,2022-01-15,Particulier,  Lyon ,47.0
C00767,2023-05-18,Particulier,Marseille,61.0
C00768,2022-02-24,Association,Paris,57.0
C00769,2020-03-02,Professionnel,Paris,32.0
C00770,2020-02-17,Professionnel,Lyon,37.0
C00771,2024-03-06,Particulier,Lyon,
C00772,2019-06-11,Professionnel,Paris,59.0
C00773,2021-10-14,Professionnel,Strasbourg,42.0
C00774,2022-07-29,Professionnel,LILLE,26.0
C00775,2019-02-23,Particulier,Strasbourg,43.0
C00776,2022-09-12,Particulier,Paris,44.0
C00777,2020-08-22,Professionnel,Toulouse,50.0
C00778,2023-02-17,Professionnel,Lyon,41.0
C00779,2019-07-22,Particulier,marseille,54.0
C00780,2019-07-26,Particulier,Toulouse,18.0
C00781,2023-03-04,Professionnel,Nantes,36.0
C00782,2024-02-13,Particulier,Bordeaux,24.0
C00783,2021-07-07,Professionnel,Lille,63.0
C00784,2022-03-05,Professionnel,Paris,28.0
C00785,2023-02-15,Professionnel,Nantes,59.0
C00786,2019-05-03,Particulier,BORDEAUX,17.0
C00787,2022-07-03,Particulier,Bordeaux,54.0
C00788,2019-11-28,Particulier,Strasbourg,27.0
C00789,2021-04-16,Particulier,PARIS,19.0
C00790,2020-07-19,Professionnel,Bordeaux,49.0
C00791,2023-02-15,Particulier,Bordeaux,52.0
C00792,2024-03-26,Association,Strasbourg,52.0
C00793,2020-05-05,Particulier,Strasbourg,17.0
C00794,2020-03-19,Association,Lyon,53.0
C00795,2023-02-25,Professionnel,Lille,38.0
C00796,2020-06-24,Professionnel,LILLE,34.0
C00797,2021-01-31,Particulier,Marseille,60.0
C00798,2020-02-23,Particulier,toulouse,46.0
C00799,2019-05-31,Professionnel,Bordeaux,40.0
C00800,2021-05-12,Particulier,Marseille,39.0
C00801,2020-07-01,Association,Toulouse,55.0
C00802,2023-02-04,Particulier,Lyon,37.0
C00803,2020-03-05,Particulier,LILLE,37.0
C00804,2019-09-05,Association,Toulouse,29.0
C00805,2020-03-24,Particulier,Lille,16.0
C00806,2019-02-10,Particulier,PARIS,32.0
C00807,2019-08-27,Particulier,Lyon,34.0
C00808,2019-01-02,Particulier,BORDEAUX,51.0
C00809,2020-09-09,Particulier,Lyon,20.0
C00810,2019-02-18,Particulier,LILLE,41.0
C00811,2020-01-23,Particulier,Strasbourg,66.0
C00812,2022-05-05,Professionnel,NANTES,53.0
C00813,2021-03-18,Particulier,Strasbourg,47.0
C00814,2021-02-06,Particulier,paris,56.0
C00815,2021-08-22,Particulier,Strasbourg,55.0
C00816,2019-04-26,Particulier,Bordeaux,27.0
C00817,2023-10-11,Particulier,Strasbourg,51.0
C00818,2021-07-01,Particulier,  Paris ,58.0
C00819,2023-10-21,Particulier,Lyon,
C00820,2019-01-15,Association,Bordeaux,29.0
C00821,2019-12-05,Professionnel,Lyon,30.0
C00822,2020-12-31,Particulier,Lille,47.0
C00823,2024-01-01,Professionnel,Nantes,48.0
C00824,2021-08-01,Professionnel,TOULOUSE,16.0
C00825,2022-08-06,Particulier,Marseille,23.0
C00826,2023-06-18,Association,  Lyon ,44.0
C00827,2019-09-08,Particulier,Lyon,
C00828,2023-10-17,Association,Nantes,42.0
C00829,2021-07-26,Association,Lyon,30.0
C00830,2019-11-11,Professionnel,  Nantes ,32.0
C00831,2019-10-20,Professionnel,Paris,25.0
C00832,2022-03-30,Particulier,Nantes,51.0
C00833,2023-08-03,Particulier,Marseille,54.0
C00834,2021-07-27,Particulier,marseille,55.0
C00835,2024-02-13,Professionnel,Nantes,48.0
C00836,2022-11-21,Particulier,Nantes,11.0
C00837,2023-07-18,Particulier,NANTES,61.0
C00838,2019-05-13,Professionnel,LYON,
C00839,2024-02-07,Particulier,Lyon,32.0
C00840,2023-07-02,Particulier,Strasbourg,44.0
C00841,2019-04-10,Particulier,Marseille,
C00842,2024-05-12,Professionnel,Toulouse,31.0
C00843,2021-07-23,Particulier,Paris,59.0
C00844,2023-03-29,Professionnel,LILLE,57.0
C00845,2023-02-25,Professionnel,  Bordeaux ,39.0
C00846,2023-03-05,Particulier,  Lille ,50.0
C00847,2023-03-19,Association,NANTES,50.0
C00848,2020-04-14,Particulier,Lille,13.0
C00849,2019-08-14,Professionnel,  Lille ,42.0
C00850,2020-06-17,Association,Lille,40.0
C00851,2021-07-27,Professionnel,TOULOUSE,41.0
C00852,2020-04-05,Particulier,Lille,67.0
C00853,2023-12-28,Particulier,strasbourg,40.0
C00854,2021-01-29,Particulier,Strasbourg,45.0
C00855,2021-02-17,Professionnel,Strasbourg,
C00856,2022-07-09,Professionnel,  Marseille ,39.0
C00857,2021-09-02,Particulier,Strasbourg,44.0
C00858,2022-05-14,Association,Bordeaux,43.0
C00859,2023-08-15,Particulier,  Lille ,58.0
C00860,2021-06-02,Particulier,Toulouse,72.0
C00861,2019-05-23,Particulier,Lyon,25.0
C00862,2023-01-03,Particulier,LYON,57.0
C00863,2019-05-19,Professionnel,Lille,20.0
C00864,2023-12-19,Professionnel,Paris,54.0
C00865,2023-03-27,Particulier,marseille,71.0
C00866,2022-08-11,Particulier,Lyon,53.0
C00867,2024-02-03,Particulier,Toulouse,54.0
C00868,2024-01-13,Particulier,Toulouse,14.0
C00869,2021-02-19,Association,Toulouse,46.0
C00870,2019-06-17,Particulier,  Marseille ,33.0
C00871,2024-02-20,Association,lille,30.0
C00872,2023-03-02,Particulier,Nantes,
C00873,2022-11-21,Professionnel,nantes,47.0
C00874,2020-08-26,Professionnel,Marseille,40.0
C00875,2019-01-10,Particulier,Marseille,29.0
C00876,2022-09-08,Professionnel,  Toulouse ,47.0
C00877,2024-01-12,Particulier,Marseille,59.0
C00878,2020-01-16,Professionnel,Paris,40.0
C00879,2022-06-02,Professionnel,Lyon,35.0
C00880,2023-12-08,Professionnel,LYON,56.0
C00881,2021-10-09,Professionnel,Paris,43.0
C00882,2023-04-03,Particulier,  Paris ,46.0
C00883,2021-07-21,Association,LILLE,52.0
C00884,2022-07-02,Particulier,Lille,57.0
C00885,2020-08-15,Particulier,NANTES,18.0
C00886,2020-12-08,Professionnel,marseille,26.0
C00887,2019-04-03,Particulier,PARIS,34.0
C00888,2020-09-16,Professionnel,Lille,43.0
C00889,2019-04-20,Professionnel,Strasbourg,32.0
C00890,2019-07-12,Particulier,LYON,26.0
C00891,2020-08-17,Association,Lyon,67.0
C00892,2024-05-23,Particulier,BORDEAUX,51.0
C00893,2023-01-16,Particulier,NANTES,41.0
C00894,2024-02-18,Professionnel,Bordeaux,30.0
C00895,2019-02-22,Particulier,MARSEILLE,62.0
C00896,2023-09-25,Particulier,  Lyon ,32.0
C00897,2022-04-30,Particulier,Lyon,24.0
C00898,2022-07-19,Professionnel,Lyon,-1.0
C00899,2022-02-04,Particulier,Lille,40.0
C00900,2024-01-20,Professionnel,Marseille,49.0
C00901,2023-08-24,Particulier,STRASBOURG,32.0
C00902,2019-08-07,Association,Lyon,54.0
C00903,2024-04-25,Professionnel,Paris,38.0
C00904,2023-02-04,Particulier,TOULOUSE,44.0
C00905,2019-05-30,Particulier,  Marseille ,51.0
C00906,2023-02-28,Particulier,paris,44.0
C00907,2024-05-16,Professionnel,nantes,39.0
C00908,2021-08-25,Particulier,MARSEILLE,37.0
C00909,2021-01-02,Particulier,lille,40.0
C00910,2024-03-23,Particulier,Lille,32.0
C00911,2022-08-08,Association,Marseille,32.0
C00912,2020-08-22,Particulier,Toulouse,49.0
C00913,2020-07-17,Professionnel,Paris,51.0
C00914,2024-04-26,Professionnel,  Paris ,49.0
C00915,2022-09-11,Particulier,Bordeaux,21.0
C00916,2020-09-09,Particulier,TOULOUSE,23.0
C00917,2019-11-14,Professionnel,BORDEAUX,36.0
C00918,2020-11-08,Particulier,toulouse,42.0
C00919,2020-11-20,Association,lyon,54.0
C00920,2022-04-04,Particulier,Marseille,35.0
C00921,2022-01-15,Professionnel,Nantes,37.0
C00922,2020-10-09,Association,Lyon,47.0
C00923,2019-03-10,Particulier,PARIS,33.0
C00924,2022-07-01,Particulier,Toulouse,27.0
C00925,2019-09-23,Particulier,Nantes,
C00926,2022-03-04,Professionnel,Nantes,59.0
C00927,2021-01-10,Professionnel,Lille,17.0
C00928,2019-02-22,Particulier,  Lyon ,40.0
C00929,2023-10-08,Association,Strasbourg,49.0
C00930,2019-05-04,Particulier,Strasbourg,27.0
C00931,2019-08-21,Association,Paris,48.0
C00932,2022-05-18,Particulier,TOULOUSE,26.0
C00933,2023-10-03,Particulier,MARSEILLE,44.0
C00934,2019-01-25,Association,Marseille,30.0
C00935,2022-01-05,Professionnel,Lille,43.0
C00936,2023-08-25,Association,paris,53.0
C00937,2021-08-23,Particulier,BORDEAUX,32.0
C00938,2021-01-03,Particulier,Lille,42.0
C00939,2023-06-02,Particulier,Marseille,61.0
C00940,2023-07-02,Particulier,NANTES,40.0
C00941,2021-06-21,Professionnel,Lyon,55.0
C00942,2023-03-28,Particulier,STRASBOURG,16.0
C00943,2023-11-25,Particulier,Lille,13.0
C00944,2020-12-13,Professionnel,Marseille,50.0
C00945,2019-12-15,Professionnel,  Bordeaux ,31.0
C00946,2022-03-16,Association,  Marseille ,35.0
C00947,2022-03-18,Professionnel,Bordeaux,44.0
C00948,2021-06-01,Particulier,MARSEILLE,49.0
C00949,2019-01-25,Particulier,Strasbourg,
C00950,2019-01-21,Professionnel,Bordeaux,53.0
C00951,2019-03-08,Particulier,Strasbourg,47.0
C00952,2022-01-18,Professionnel,Nantes,35.0
C00953,2024-02-21,Association,Lyon,38.0
C00954,2019-10-04,Particulier,Strasbourg,38.0
C00955,2020-05-09,Professionnel,Nantes,51.0
C00956,2019-08-09,Particulier,Nantes,51.0
C00957,2021-11-21,Association,Nantes,48.0
C00958,2023-10-22,Professionnel,Paris,41.0
C00959,2023-10-17,Professionnel,TOULOUSE,999.0
C00960,2019-09-25,Professionnel,STRASBOURG,47.0
C00961,2022-05-19,Particulier,Bordeaux,36.0
C00962,2019-04-25,Particulier,Nantes,21.0
C00963,2020-07-01,Professionnel,Toulouse,43.0
C00964,2021-11-23,Professionnel,Marseille,46.0
C00965,2021-05-05,Professionnel,Paris,36.0
C00966,2024-05-23,Particulier,STRASBOURG,34.0
C00967,2024-06-03,Particulier,Lyon,40.0
C00968,2022-04-07,Particulier,bordeaux,
C00969,2023-10-30,Particulier,Marseille,
C00970,2022-09-20,Professionnel,Paris,21.0
C00971,2019-03-16,Professionnel,Toulouse,40.0
C00972,2019-03-12,Particulier,Paris,28.0
C00973,2020-02-02,Association,STRASBOURG,45.0
C00974,2021-06-21,Particulier,MARSEILLE,46.0
C00975,2023-01-01,Professionnel,Toulouse,20.0
C00976,2020-08-25,Particulier,Lille,30.0
C00977,2021-10-03,Particulier,Marseille,48.0
C00978,2022-01-10,Professionnel,Lille,34.0
C00979,2019-12-13,Association,Lille,31.0
C00980,2022-11-11,Particulier,Marseille,50.0
C00981,2020-02-03,Professionnel,Toulouse,62.0
C00982,2020-02-22,Professionnel,Toulouse,40.0
C00983,2024-03-28,Association,Lille,42.0
C00984,2023-06-21,Particulier,Bordeaux,42.0
C00985,2021-04-12,Association,Nantes,56.0
C00986,2019-01-02,Professionnel,Lille,28.0
C00987,2023-01-25,Particulier,Nantes,45.0
C00988,2020-07-10,Professionnel,Lille,20.0
C00989,2020-05-04,Association,Strasbourg,42.0
C00990,2022-05-03,Association,Strasbourg,42.0
C00991,2021-11-21,Professionnel,Lyon,66.0
C00992,2021-01-31,Professionnel,Bordeaux,55.0
C00993,2024-02-08,Particulier,Bordeaux,
C00994,2019-04-08,Association,Lille,50.0
C00995,2022-06-09,Professionnel,Paris,60.0
C00996,2022-03-30,Professionnel,  Nantes ,38.0
C00997,2023-01-05,Professionnel,Lyon,22.0
C00998,2020-10-22,Professionnel,Lyon,67.0
C00999,2019-11-19,Particulier,Lille,59.0
C01000,2022-01-11,Particulier,Nantes,55.0
C01001,2019-03-21,Professionnel,Marseille,48.0
C01002,2022-05-30,Particulier,Bordeaux,41.0
C01003,2019-06-01,Association,bordeaux,53.0
C01004,2023-06-13,Professionnel,Marseille,50.0
C01005,2020-03-24,Particulier,Toulouse,37.0
C01006,2020-09-06,Association,Lyon,
C01007,2019-10-08,Professionnel,  Lille ,54.0
C01008,2019-05-28,Particulier,Lyon,37.0
C01009,2022-03-25,Professionnel,Toulouse,25.0
C01010,2021-02-19,Particulier,Strasbourg,46.0
C01011,2021-06-09,Professionnel,Lille,47.0
C01012,2019-06-23,Particulier,Lille,45.0
C01013,2020-04-22,Particulier,  Paris ,40.0
C01014,2021-09-29,Association,Paris,41.0
C01015,2021-09-28,Particulier,  Lyon ,29.0
C01016,2020-03-27,Particulier,Marseille,20.0
C01017,2019-01-31,Association,Nantes,38.0
C01018,2021-01-01,Particulier,Lille,23.0
C01019,2021-10-10,Professionnel,  Lyon ,52.0
C01020,2023-07-30,Particulier,Lyon,38.0
C01021,2020-02-19,Professionnel,Nantes,32.0
C01022,2019-08-01,Professionnel,Lyon,48.0
C01023,2021-08-02,Professionnel,STRASBOURG,54.0
C01024,2020-03-09,Particulier,Paris,38.0
C01025,2022-11-28,Particulier,Toulouse,30.0
C01026,2019-04-14,Professionnel,Lille,38.0
C01027,2020-06-28,Particulier,Toulouse,50.0
C01028,2020-02-25,Association,strasbourg,50.0
C01029,2023-10-12,Particulier,marseille,40.0
C01030,2019-04-25,Particulier,Bordeaux,43.0
C01031,2020-05-07,Professionnel,  Lyon ,49.0
C01032,2020-02-27,Particulier,Marseille,45.0
C01033,2023-11-02,Particulier,Lyon,43.0
C01034,2020-11-22,Association,Paris,58.0
C01035,2024-01-25,Professionnel,  Toulouse ,36.0
C01036,2023-01-15,Particulier,Paris,17.0
C01037,2019-07-01,Particulier,LYON,72.0
C01038,2024-03-19,Professionnel,Marseille,51.0
C01039,2020-04-19,Professionnel,BORDEAUX,51.0
C01040,2023-02-12,Association,  Lyon ,33.0
C01041,2021-08-24,Particulier,Lille,42.0
C01042,2020-05-03,Particulier,Paris,31.0
C01043,2019-06-11,Particulier,Bordeaux,45.0
C01044,2021-05-28,Association,Toulouse,40.0
C01045,2024-03-30,Association,Nantes,28.0
C01046,2023-07-23,Particulier,Strasbourg,56.0
C01047,2022-03-22,Particulier,Nantes,38.0
C01048,2023-08-30,Particulier,Nantes,44.0
C01049,2023-09-07,Association,  Lille ,62.0
C01050,2023-02-22,Professionnel,Paris,21.0
C01051,2022-08-13,Professionnel,strasbourg,58.0
C01052,2020-05-25,Particulier,Lyon,52.0
C01053,2022-07-14,Particulier,nantes,45.0
C01054,2021-10-18,Particulier,Toulouse,41.0
C01055,2023-09-19,Association,  Paris ,35.0
C01056,2019-06-19,Professionnel,Toulouse,41.0
C01057,2022-06-16,Particulier,Bordeaux,42.0
C01058,2020-07-10,Particulier,marseille,15.0
C01059,2021-08-11,Particulier,STRASBOURG,27.0
C01060,2019-04-27,Particulier,Toulouse,32.0
C01061,2020-03-20,Professionnel,Toulouse,35.0
C01062,2024-04-06,Particulier,Marseille,46.0
C01063,2020-12-11,Particulier,Nantes,50.0
C01064,2023-02-25,Particulier,TOULOUSE,57.0
C01065,2020-07-13,Association,strasbourg,38.0
C01066,2024-01-30,Particulier,nantes,29.0
C01067,2022-05-26,Professionnel,strasbourg,47.0
C01068,2019-02-16,Professionnel,Paris,39.0
C01069,2021-12-24,Professionnel,Lyon,49.0
C01070,2020-06-30,Particulier,paris,29.0
C01071,2021-10-10,Particulier,PARIS,46.0
C01072,2022-08-25,Professionnel,Lille,53.0
C01073,2024-02-17,Professionnel,nantes,59.0
C01074,2019-05-04,Professionnel,Lyon,44.0
C01075,2019-06-07,Particulier,Lille,77.0
C01076,2023-03-18,Particulier,Nantes,34.0
C01077,2022-01-01,Professionnel,Nantes,34.0
C01078,2020-10-17,Professionnel,Lyon,49.0
C01079,2021-04-26,Professionnel,Strasbourg,19.0
C01080,2020-08-03,Particulier,Marseille,
C01081,2023-03-02,Professionnel,  Lille ,50.0
C01082,2022-07-09,Professionnel,Toulouse,39.0
C01083,2021-01-18,Professionnel,Nantes,17.0
C01084,2020-07-20,Professionnel,  Paris ,48.0
C01085,2023-08-20,Particulier,Lille,53.0
C01086,2023-05-28,Particulier,Lille,35.0
C01087,2019-02-01,Particulier,LILLE,48.0
C01088,2020-11-18,Particulier,Paris,46.0
C01089,2019-01-11,Particulier,Strasbourg,45.0
C01090,2021-01-11,Association,LYON,64.0
C01091,2022-03-09,Association,Lyon,41.0
C01092,2024-03-20,Particulier,Lyon,61.0
C01093,2021-11-12,Association,Paris,21.0
C01094,2024-05-02,Particulier,Marseille,27.0
C01095,2023-07-19,Association,  Paris ,36.0
C01096,2022-08-19,Particulier,Toulouse,53.0
C01097,2024-03-14,Professionnel,  Bordeaux ,43.0
C01098,2019-09-24,Professionnel,toulouse,37.0
C01099,2023-02-25,Professionnel,Lyon,55.0
C01100,2023-06-14,Particulier,Paris,61.0
C01101,2019-11-12,Professionnel,Strasbourg,57.0
C01102,2021-02-11,Professionnel,  Marseille ,37.0
C01103,2024-01-16,Professionnel,Lille,44.0
C01104,2020-03-11,Association,Lille,999.0
C01105,2019-05-11,Particulier,Toulouse,44.0
C01106,2023-07-16,Particulier,Nantes,38.0
C01107,2023-05-01,Professionnel,Lyon,44.0
C01108,2021-09-21,Particulier,Bordeaux,39.0
C01109,2021-03-19,Particulier,MARSEILLE,30.0
C01110,2020-01-07,Professionnel,Strasbourg,36.0
C01111,2020-03-02,Association,lyon,26.0
C01112,2023-10-18,Association,Toulouse,25.0
C01113,2022-06-17,Association,Marseille,62.0
C01114,2022-04-01,Particulier,Paris,62.0
C01115,2019-04-27,Particulier,  Strasbourg ,41.0
C01116,2022-10-21,Association,Lyon,24.0
C01117,2021-04-26,Particulier,marseille,26.0
C01118,2019-10-14,Professionnel,paris,34.0
C01119,2022-12-04,Particulier,STRASBOURG,57.0
C01120,2019-04-20,Professionnel,Strasbourg,35.0
C01121,2021-01-13,Particulier,Lyon,25.0
C01122,2020-04-13,Particulier,LYON,49.0
C01123,2019-09-26,Particulier,Marseille,64.0
C01124,2024-05-13,Professionnel,STRASBOURG,0.0
C01125,2019-01-15,Particulier,LILLE,19.0
C01126,2021-06-25,Professionnel,toulouse,27.0
C01127,2020-06-19,Particulier,Marseille,72.0
C01128,2021-12-12,Professionnel,Marseille,37.0
C01129,2021-03-27,Particulier,Lyon,43.0
C01130,2019-12-11,Particulier,STRASBOURG,26.0
C01131,2020-05-21,Professionnel,  Strasbourg ,52.0
C01132,2019-06-25,Particulier,strasbourg,31.0
C01133,2021-04-12,Particulier,Nantes,
C01134,2024-03-08,Particulier,Marseille,56.0
C01135,2022-07-19,Association,Nantes,60.0
C01136,2022-07-04,Particulier,toulouse,43.0
C01137,2022-08-06,Particulier,Bordeaux,40.0
C01138,2023-07-02,Association,Paris,40.0
C01139,2022-09-06,Association,Lille,40.0
C01140,2020-04-27,Particulier,Nantes,14.0
C01141,2021-05-31,Association,Marseille,32.0
C01142,2021-06-16,Professionnel,Lille,
C01143,2020-09-13,Association,Toulouse,30.0
C01144,2024-04-17,Professionnel,lille,27.0
C01145,2020-02-21,Particulier,Nantes,44.0
C01146,2022-10-22,Professionnel,nantes,45.0
C01147,2021-03-17,Professionnel,Strasbourg,51.0
C01148,2019-02-28,Professionnel,Paris,23.0
C01149,2019-04-27,Particulier,Lille,26.0
C01150,2020-07-02,Particulier,  Marseille ,44.0
C01151,2023-10-28,Association,Nantes,32.0
C01152,2019-05-27,Professionnel,LYON,37.0
C01153,2022-02-23,Association,lyon,44.0
C01154,2020-10-08,Particulier,Lyon,59.0
C01155,2021-10-22,Association,  Bordeaux ,
C01156,2022-01-24,Particulier,Lille,44.0
C01157,2024-04-08,Professionnel,Marseille,43.0
C01158,2021-11-03,Particulier,Lille,36.0
C01159,2022-05-04,Professionnel,Marseille,45.0
C01160,2022-03-25,Particulier,  Toulouse ,28.0
C01161,2022-11-04,Association,Toulouse,38.0
C01162,2021-02-09,Particulier,lille,48.0
C01163,2023-05-31,Particulier,Strasbourg,43.0
C01164,2023-01-02,Professionnel,Nantes,38.0
C01165,2019-10-14,Professionnel,NANTES,40.0
C01166,2023-09-08,Professionnel,Paris,38.0
C01167,2019-01-01,Professionnel,NANTES,41.0
C01168,2021-08-06,Particulier,BORDEAUX,
C01169,2023-04-21,Particulier,Marseille,52.0
C01170,2021-08-05,Professionnel,LILLE,44.0
C01171,2019-03-15,Particulier,Bordeaux,32.0
C01172,2021-11-13,Professionnel,Nantes,40.0
C01173,2019-11-24,Professionnel,  Marseille ,38.0
C01174,2021-03-19,Particulier,Strasbourg,25.0
C01175,2020-02-05,Professionnel,Bordeaux,34.0
C01176,2023-04-28,Particulier,Nantes,52.0
C01177,2024-02-11,Professionnel,Bordeaux,54.0
C01178,2019-09-12,Association,Toulouse,35.0
C01179,2024-04-22,Professionnel,NANTES,41.0
C01180,2019-05-20,Association,LYON,18.0
C01181,2024-06-12,Professionnel,Lille,46.0
C01182,2021-11-04,Association,Strasbourg,30.0
C01183,2023-11-25,Particulier,paris,51.0
C01184,2019-07-31,Particulier,Toulouse,41.0
C01185,2020-04-06,Particulier,BORDEAUX,32.0
C01186,2020-02-09,Professionnel,Nantes,55.0
C01187,2020-06-05,Particulier,Nantes,
C01188,2022-09-19,Particulier,Paris,45.0
C01189,2021-07-25,Particulier,PARIS,54.0
C01190,2019-11-02,Professionnel,Lille,
C01191,2023-11-12,Particulier,Lyon,40.0
C01192,2024-05-06,Professionnel,Nantes,43.0
C01193,2022-11-15,Particulier,paris,39.0
C01194,2023-10-03,Particulier,Toulouse,36.0
C01195,2024-05-17,Professionnel,Bordeaux,42.0
C01196,2022-12-07,Particulier,Bordeaux,35.0
C01197,2024-05-06,Particulier,Marseille,30.0
C01198,2019-10-27,Particulier,Marseille,58.0
C01199,2022-09-13,Particulier,LYON,23.0
C01200,2024-03-27,Association,Bordeaux,38.0
C01201,2021-05-19,Particulier,Marseille,27.0
C01202,2021-10-20,Particulier,Nantes,48.0
C01203,2019-02-24,Professionnel,Lille,29.0
C01204,2023-06-02,Professionnel,lyon,46.0
C01205,2021-10-13,Particulier,Toulouse,30.0
C01206,2022-11-01,Association,Bordeaux,71.0
C01207,2023-04-13,Particulier,Paris,46.0
C01208,2023-12-25,Association,Strasbourg,54.0
C01209,2020-01-30,Particulier,LYON,27.0
C01210,2022-03-25,Professionnel,Toulouse,
C01211,2019-12-16,Professionnel,Toulouse,30.0
C01212,2021-08-01,Particulier,Toulouse,59.0
C01213,2022-12-24,Particulier,nantes,52.0
C01214,2020-11-19,Professionnel,Lyon,44.0
C01215,2023-10-25,Professionnel,  Strasbourg ,39.0
C01216,2022-05-24,Particulier,Lille,63.0
C01217,2023-02-19,Particulier,Strasbourg,48.0
C01218,2022-05-22,Professionnel,paris,46.0
C01219,2020-10-06,Particulier,Paris,32.0
C01220,2024-01-15,Association,Lyon,28.0
C01221,2023-10-17,Particulier,Paris,48.0
C01222,2019-02-06,Association,Marseille,49.0
C01223,2023-11-25,Particulier,paris,26.0
C01224,2020-04-13,Professionnel,Paris,43.0
C01225,2021-06-27,Association,Nantes,47.0
C01226,2020-01-01,Association,Bordeaux,35.0
C01227,2021-09-12,Association,Paris,30.0
C01228,2020-09-19,Professionnel,Bordeaux,60.0
C01229,2023-02-20,Professionnel,Lille,55.0
C01230,2023-01-29,Professionnel,Strasbourg,32.0
C01231,2021-05-28,Particulier,Paris,
C01232,2019-08-26,Particulier,strasbourg,26.0
C01233,2020-02-25,Particulier,Bordeaux,46.0
C01234,2023-11-28,Particulier,Nantes,36.0
C01235,2020-08-21,Particulier,Paris,7.0
C01236,2024-01-05,Professionnel,bordeaux,63.0
C01237,2019-10-22,Professionnel,marseille,39.0
C01238,2021-11-03,Particulier,Marseille,29.0
C01239,2022-05-09,Particulier,Nantes,
C01240,2023-04-06,Professionnel,Toulouse,38.0
C01241,2022-04-09,Particulier,Toulouse,31.0
C01242,2024-01-13,Particulier,Bordeaux,44.0
C01243,2021-09-11,Particulier,LILLE,10.0
C01244,2019-10-29,Professionnel,Lyon,45.0
C01245,2024-02-20,Particulier,MARSEILLE,40.0
C01246,2020-09-01,Professionnel,Marseille,80.0
C01247,2020-12-09,Professionnel,Lyon,21.0
C01248,2019-10-04,Particulier,BORDEAUX,54.0
C01249,2023-05-29,Association,Lyon,17.0
C01250,2022-02-25,Particulier,Nantes,54.0
C01251,2020-09-11,Particulier,  Bordeaux ,42.0
C01252,2020-09-21,Particulier,Marseille,14.0
C01253,2023-12-15,Particulier,Strasbourg,34.0
C01254,2022-01-14,Professionnel,Marseille,11.0
C01255,2022-04-24,Professionnel,Paris,38.0
C01256,2020-10-30,Professionnel,Lyon,27.0
C01257,2022-11-10,Professionnel,Lyon,36.0
C01258,2020-10-16,Particulier,marseille,45.0
C01259,2022-04-02,Particulier,Strasbourg,12.0
C01260,2020-04-15,Particulier,  Strasbourg ,39.0
C01261,2019-06-02,Particulier,Strasbourg,33.0
C01262,2021-12-08,Association,Marseille,12.0
C01263,2021-06-15,Particulier,Lyon,34.0
C01264,2020-04-27,Particulier,  Nantes ,47.0
C01265,2019-12-23,Particulier,  Toulouse ,36.0
C01266,2021-11-15,Association,Strasbourg,61.0
C01267,2019-01-13,Particulier,Toulouse,27.0
C01268,2021-09-14,Particulier,Paris,41.0
C01269,2022-09-08,Particulier,Toulouse,24.0
C01270,2019-09-19,Particulier,Paris,61.0
C01271,2021-02-08,Professionnel,Lille,34.0
C01272,2021-10-28,Association,toulouse,59.0
C01273,2020-04-02,Particulier,Strasbourg,31.0
C01274,2023-03-07,Association,BORDEAUX,45.0
C01275,2024-04-01,Professionnel,Lyon,56.0
C01276,2022-01-20,Particulier,Paris,27.0
C01277,2024-06-10,Professionnel,Nantes,22.0
C01278,2022-07-31,Association,Bordeaux,
C01279,2019-02-10,Professionnel,Lille,43.0
C01280,2021-01-02,Association,PARIS,51.0
C01281,2022-09-29,Particulier,Paris,45.0
C01282,2024-05-14,Particulier,Nantes,42.0
C01283,2020-03-14,Particulier,Marseille,41.0
C01284,2022-09-13,Particulier,Lille,37.0
C01285,2021-11-02,Professionnel,MARSEILLE,
C01286,2024-06-03,Association,  Nantes ,33.0
C01287,2019-07-17,Particulier,Lyon,40.0
C01288,2019-03-16,Professionnel,Lyon,48.0
C01289,2019-06-22,Association,bordeaux,72.0
C01290,2023-08-25,Association,Lille,64.0
C01291,2023-07-26,Particulier,LYON,47.0
C01292,2023-05-01,Association,Nantes,
C01293,2021-12-20,Professionnel,Toulouse,46.0
C01294,2022-07-11,Particulier,paris,63.0
C01295,2024-04-26,Professionnel,strasbourg,36.0
C01296,2024-05-10,Association,lyon,28.0
C01297,2019-01-26,Particulier,Lille,34.0
C01298,2024-05-27,Particulier,Nantes,21.0
C01299,2024-02-19,Association,nantes,51.0
C01300,2024-04-30,Particulier,  Paris ,27.0
C01301,2022-12-13,Particulier,Toulouse,37.0
C01302,2019-09-30,Particulier,Bordeaux,42.0
C01303,2020-07-20,Particulier,Bordeaux,38.0
C01304,2023-12-05,Professionnel,Strasbourg,51.0
C01305,2023-10-06,Particulier,paris,39.0
C01306,2020-06-29,Particulier,Marseille,
C01307,2022-11-08,Professionnel,LILLE,59.0
C01308,2022-10-11,Particulier,paris,21.0
C01309,2019-09-05,Particulier,Lyon,29.0
C01310,2020-06-29,Professionnel,Marseille,54.0
C01311,2023-02-10,Particulier,Strasbourg,28.0
C01312,2023-05-25,Particulier,bordeaux,37.0
C01313,2023-05-03,Association,Lyon,30.0
C01314,2022-02-22,Particulier,Strasbourg,45.0
C01315,2021-03-26,Particulier,LYON,0.0
C01316,2021-03-28,Professionnel,Paris,49.0
C01317,2021-06-17,Particulier,TOULOUSE,38.0
C01318,2022-08-13,Professionnel,PARIS,43.0
C01319,2022-11-07,Particulier,Lyon,29.0
C01320,2019-04-04,Particulier,Strasbourg,45.0
C01321,2020-07-15,Particulier,Toulouse,
C01322,2021-08-01,Professionnel,Paris,50.0
C01323,2021-05-09,Particulier,Lyon,42.0
C01324,2021-08-14,Particulier,Lyon,47.0
C01325,2024-05-14,Particulier,Bordeaux,
C01326,2020-08-16,Professionnel,Toulouse,37.0
C01327,2019-05-28,Particulier,Paris,50.0
C01328,2022-05-08,Particulier,Marseille,56.0
C01329,2023-08-28,Particulier,Strasbourg,41.0
C01330,2019-10-25,Particulier,Marseille,43.0
C01331,2024-04-17,Professionnel,LILLE,26.0
C01332,2023-05-28,Particulier,Nantes,35.0
C01333,2019-11-18,Particulier,Marseille,62.0
C01334,2020-04-18,Association,Nantes,48.0
C01335,2020-01-08,Particulier,strasbourg,41.0
C01336,2020-02-23,Particulier,Bordeaux,33.0
C01337,2022-01-07,Particulier,LYON,27.0
C01338,2022-05-19,Particulier,BORDEAUX,25.0
C01339,2020-05-11,Professionnel,Toulouse,0.0
C01340,2024-01-23,Particulier,Toulouse,60.0
C01341,2021-03-21,Particulier,Bordeaux,40.0
C01342,2021-10-04,Particulier,Toulouse,31.0
C01343,2022-09-14,Particulier,Strasbourg,
C01344,2020-03-04,Professionnel,Nantes,42.0
C01345,2022-07-20,Particulier,Nantes,41.0
C01346,2019-05-30,Particulier,TOULOUSE,36.0
C01347,2023-03-23,Professionnel,  Lille ,73.0
C01348,2024-01-07,Particulier,Strasbourg,65.0
C01349,2019-11-22,Particulier,Bordeaux,39.0
C01350,2022-10-01,Particulier,LYON,44.0
C01351,2024-02-06,Association,  Lille ,51.0
C01352,2020-01-11,Particulier,Strasbourg,42.0
C01353,2022-02-07,Particulier,lille,32.0
C01354,2021-07-14,Particulier,Marseille,38.0
C01355,2022-12-30,Professionnel,Toulouse,
C01356,2021-11-01,Particulier,Lyon,45.0
C01357,2022-08-12,Particulier,NANTES,55.0
C01358,2021-09-28,Association,Nantes,17.0
C01359,2021-06-17,Particulier,Bordeaux,48.0
C01360,2021-04-02,Particulier,strasbourg,48.0
C01361,2023-08-11,Professionnel,Lille,55.0
C01362,2020-08-21,Particulier,Paris,52.0
C01363,2022-09-14,Professionnel,NANTES,43.0
C01364,2019-09-03,Professionnel,Toulouse,36.0
C01365,2022-07-17,Particulier,Lyon,36.0
C01366,2020-08-25,Professionnel,Paris,38.0
C01367,2023-02-04,Professionnel,lyon,
C01368,2023-05-31,Particulier,PARIS,52.0
C01369,2021-11-05,Particulier,Lyon,37.0
C01370,2020-07-11,Professionnel,Bordeaux,38.0
C01371,2024-02-16,Professionnel,Bordeaux,25.0
C01372,2020-08-09,Particulier,Bordeaux,44.0
C01373,2020-11-29,Particulier,  Lyon ,64.0
C01374,2022-03-14,Professionnel,Lyon,28.0
C01375,2022-02-23,Professionnel,Bordeaux,78.0
C01376,2019-10-27,Association,Bordeaux,45.0
C01377,2022-11-03,Association,Bordeaux,21.0
C01378,2022-10-22,Association,Paris,64.0
C01379,2024-06-06,Particulier,Lille,37.0
C01380,2022-10-15,Particulier,nantes,40.0
C01381,2022-05-30,Association,Lille,56.0
C01382,2020-07-30,Association,Nantes,20.0
C01383,2024-06-02,Professionnel,Lyon,66.0
C01384,2022-09-26,Particulier,lyon,
C01385,2019-03-21,Particulier,Lyon,29.0
C01386,2023-06-18,Particulier,Paris,35.0
C01387,2019-07-23,Particulier,Nantes,46.0
C01388,2020-07-05,Professionnel,Nantes,34.0
C01389,2023-08-26,Particulier,Strasbourg,33.0
C01390,2020-07-27,Professionnel,Marseille,
C01391,2020-06-22,Particulier,Toulouse,43.0
C01392,2020-12-28,Association,Toulouse,48.0
C01393,2021-03-08,Association,NANTES,
C01394,2024-05-21,Association,Nantes,32.0
C01395,2021-08-06,Professionnel,Bordeaux,57.0
C01396,2020-03-31,Particulier,bordeaux,26.0
C01397,2022-06-06,Particulier,nantes,31.0
C01398,2020-04-30,Particulier,Bordeaux,46.0
C01399,2022-11-03,Particulier,Marseille,21.0
C01400,2020-04-16,Particulier,Lyon,52.0
C01401,2022-03-07,Particulier,Paris,41.0
C01402,2019-05-22,Particulier,Toulouse,18.0
C01403,2021-03-31,Particulier,Marseille,21.0
C01404,2023-06-12,Particulier,Toulouse,20.0
C01405,2022-07-24,Particulier,strasbourg,47.0
C01406,2020-10-27,Professionnel,lyon,36.0
C01407,2020-05-17,Particulier,NANTES,25.0
C01408,2022-11-08,Particulier,Marseille,0.0
C01409,2024-01-08,Particulier,Marseille,48.0
C01410,2022-05-15,Particulier,Bordeaux,44.0
C01411,2022-07-01,Particulier,LYON,46.0
C01412,2023-03-29,Professionnel,Nantes,38.0
C01413,2020-02-10,Particulier,Nantes,21.0
C01414,2022-12-23,Professionnel,  Strasbourg ,39.0
C01415,2023-04-19,Particulier,Lyon,45.0
C01416,2024-01-13,Particulier,Bordeaux,41.0
C01417,2020-10-08,Professionnel,Toulouse,57.0
C01418,2020-10-06,Professionnel,LILLE,39.0
C01419,2023-08-28,Association,BORDEAUX,45.0
C01420,2022-05-14,Particulier,Marseille,18.0
C01421,2022-01-28,Association,Lyon,53.0
C01422,2019-10-29,Particulier,Lyon,23.0
C01423,2019-10-30,Association,marseille,56.0
C01424,2019-11-15,Professionnel,strasbourg,49.0
C01425,2021-09-04,Professionnel,strasbourg,47.0
C01426,2020-07-03,Particulier,Bordeaux,
C01427,2021-10-13,Particulier,bordeaux,45.0
C01428,2020-08-27,Particulier,Strasbourg,38.0
C01429,2024-05-16,Professionnel,Lyon,45.0
C01430,2021-10-03,Particulier,Lyon,30.0
C01431,2024-02-28,Professionnel,Marseille,
C01432,2021-09-02,Particulier,Lille,48.0
C01433,2023-08-11,Particulier,Lyon,49.0
C01434,2019-04-14,Association,Marseille,42.0
C01435,2024-05-27,Particulier,Strasbourg,
C01436,2021-04-04,Particulier,Toulouse,53.0
C01437,2019-08-23,Association,Toulouse,32.0
C01438,2022-07-10,Professionnel,Strasbourg,31.0
C01439,2023-06-26,Particulier,TOULOUSE,18.0
C01440,2023-07-09,Particulier,nantes,46.0
C01441,2022-02-25,Professionnel,Lille,51.0
C01442,2022-05-09,Professionnel,Lille,32.0
C01443,2019-02-19,Association,Toulouse,36.0
C01444,2019-04-18,Particulier,Strasbourg,37.0
C01445,2019-08-01,Particulier,Bordeaux,46.0
C01446,2019-03-25,Professionnel,bordeaux,46.0
C01447,2021-10-12,Association,  Lille ,51.0
C01448,2020-03-15,Particulier,Nantes,40.0
C01449,2021-11-16,Particulier,LILLE,-1.0
C01450,2023-08-13,Professionnel,Marseille,30.0
C01451,2023-01-29,Association,Bordeaux,27.0
C01452,2023-11-27,Professionnel,Paris,38.0
C01453,2019-04-11,Professionnel,LILLE,56.0
C01454,2020-03-10,Particulier,NANTES,
C01455,2021-11-19,Professionnel,Paris,30.0
C01456,2024-06-05,Particulier,strasbourg,30.0
C01457,2022-05-09,Professionnel,Strasbourg,13.0
C01458,2023-02-01,Particulier,Marseille,27.0
C01459,2023-08-04,Professionnel,Paris,46.0
C01460,2019-12-15,Association,nantes,41.0
C01461,2019-02-04,Professionnel,Paris,35.0
C01462,2021-02-08,Professionnel,Bordeaux,51.0
C01463,2019-09-06,Association,PARIS,
C01464,2023-11-25,Particulier,Lille,32.0
C01465,2023-01-26,Particulier,Bordeaux,40.0
C01466,2024-05-02,Professionnel,Paris,41.0
C01467,2020-02-22,Professionnel,  Lille ,52.0
C01468,2019-12-07,Particulier,toulouse,42.0
C01469,2024-05-21,Particulier,Lille,57.0
C01470,2019-05-27,Association,  Nantes ,67.0
C01471,2023-03-05,Association,Lille,23.0
C01472,2021-01-20,Professionnel,  Lyon ,54.0
C01473,2021-09-18,Particulier,Paris,27.0
C01474,2019-07-25,Particulier,Lille,39.0
C01475,2019-04-17,Particulier,lille,52.0
C01476,2023-05-20,Particulier,Strasbourg,38.0
C01477,2023-03-02,Professionnel,Strasbourg,51.0
C01478,2019-08-04,Professionnel,Lille,38.0
C01479,2024-04-29,Particulier,  Lille ,43.0
C01480,2021-07-10,Association,Strasbourg,
C01481,2022-01-04,Particulier,Nantes,
C01482,2019-05-05,Particulier,Nantes,41.0
C01483,2022-03-20,Association,Marseille,33.0
C01484,2021-05-03,Professionnel,Toulouse,-1.0
C01485,2021-03-13,Particulier,Lyon,3.0
C01486,2019-04-10,Professionnel,Marseille,42.0
C01487,2019-10-08,Particulier,Marseille,41.0
C01488,2023-07-09,Association,Bordeaux,41.0
C01489,2024-01-09,Professionnel,Toulouse,29.0
C01490,2023-01-02,Professionnel,  Bordeaux ,13.0
C01491,2019-12-26,Particulier,strasbourg,62.0
C01492,2023-04-19,Professionnel,  Lyon ,16.0
C01493,2023-01-19,Particulier,Bordeaux,70.0
C01494,2022-08-29,Association,Lille,28.0
C01495,2022-07-13,Particulier,  Toulouse ,
C01496,2022-01-13,Particulier,Nantes,32.0
C01497,2019-11-24,Particulier,Bordeaux,
C01498,2020-01-03,Association,Strasbourg,40.0
C01499,2020-07-24,Professionnel,Marseille,42.0
C01500,2019-03-22,Particulier,Bordeaux,59.0
C01501,2021-09-16,Particulier,Strasbourg,25.0
C01502,2019-03-24,Particulier,marseille,34.0
C01503,2020-05-21,Association,Lyon,19.0
C01504,2023-03-12,Particulier,  Bordeaux ,35.0
C01505,2021-03-20,Particulier,Nantes,50.0
C01506,2022-08-24,Particulier,  Nantes ,31.0
C01507,2022-10-26,Particulier,Toulouse,52.0
C01508,2020-08-19,Particulier,Toulouse,58.0
C01509,2019-09-12,Professionnel,paris,46.0
C01510,2023-02-15,Professionnel,Lille,36.0
C01511,2020-08-14,Association,Nantes,33.0
C01512,2020-12-28,Particulier,Nantes,29.0
C01513,2023-08-24,Particulier,Toulouse,38.0
C01514,2024-03-18,Particulier,Lille,51.0
C01515,2019-02-16,Particulier,lille,83.0
C01516,2022-04-09,Particulier,Bordeaux,39.0
C01517,2023-01-11,Professionnel,nantes,999.0
C01518,2020-03-14,Professionnel,Lyon,24.0
C01519,2020-06-27,Particulier,Nantes,47.0
C01520,2020-01-17,Particulier,Lyon,28.0
C01521,2021-05-25,Particulier,Lille,14.0
C01522,2021-05-17,Professionnel,  Paris ,55.0
C01523,2021-01-17,Professionnel,LILLE,32.0
C01524,2020-02-07,Professionnel,marseille,35.0
C01525,2021-02-23,Professionnel,Lille,
C01526,2020-03-29,Professionnel,  Toulouse ,45.0
C01527,2022-10-06,Particulier,toulouse,53.0
C01528,2021-07-26,Particulier,Marseille,45.0
C01529,2019-03-30,Particulier,Paris,60.0
C01530,2023-04-20,Particulier,Toulouse,46.0
C01531,2024-01-22,Association,Paris,53.0
C01532,2022-04-17,Particulier,Lyon,
C01533,2020-09-25,Particulier,Marseille,50.0
C01534,2023-07-18,Particulier,Bordeaux,38.0
C01535,2019-05-28,Particulier,Lyon,50.0
C01536,2023-01-17,Particulier,  Paris ,50.0
C01537,2021-03-16,Particulier,Strasbourg,30.0
C01538,2019-01-12,Particulier,Paris,30.0
C01539,2024-03-29,Association,Bordeaux,46.0
C01540,2022-07-15,Particulier,PARIS,55.0
C01541,2022-06-17,Particulier,LYON,52.0
C01542,2019-04-21,Particulier,Marseille,43.0
C01543,2024-02-11,Professionnel,TOULOUSE,39.0
C01544,2019-05-06,Professionnel,nantes,47.0
C01545,2019-04-24,Particulier,strasbourg,44.0
C01546,2022-02-20,Professionnel,BORDEAUX,
C01547,2021-03-01,Particulier,Strasbourg,40.0
C01548,2023-12-31,Professionnel,marseille,42.0
C01549,2022-06-11,Professionnel,  Strasbourg ,44.0
C01550,2020-04-19,Association,Strasbourg,41.0
C01551,2024-01-06,Association,  Marseille ,44.0
C01552,2020-05-24,Association,Bordeaux,52.0
C01553,2021-07-22,Professionnel,Lyon,59.0
C01554,2019-12-03,Particulier,Paris,56.0
C01555,2021-06-27,Particulier,Lille,45.0
C01556,2020-10-16,Particulier,Nantes,37.0
C01557,2021-08-23,Particulier,paris,61.0
C01558,2021-06-06,Particulier,Nantes,30.0
C01559,2019-04-15,Particulier,Lyon,46.0
C01560,2020-02-01,Particulier,Lyon,18.0
C01561,2021-08-09,Association,Strasbourg,50.0
C01562,2023-08-07,Particulier,  Lille ,56.0
C01563,2021-08-17,Particulier,TOULOUSE,26.0
C01564,2022-01-04,Particulier,Nantes,34.0
C01565,2022-03-01,Particulier,Bordeaux,19.0
C01566,2022-09-03,Particulier,  Toulouse ,25.0
C01567,2020-10-23,Particulier,lille,38.0
C01568,2023-10-25,Association,Marseille,32.0
C01569,2020-08-09,Particulier,Marseille,70.0
C01570,2019-07-22,Particulier,Nantes,
C01571,2022-05-17,Professionnel,lyon,33.0
C01572,2023-10-25,Particulier,BORDEAUX,40.0
C01573,2020-11-24,Association,Lyon,40.0
C01574,2024-05-18,Professionnel,Paris,40.0
C01575,2021-07-25,Professionnel,Nantes,38.0
C01576,2022-12-04,Professionnel,Strasbourg,31.0
C01577,2019-05-19,Particulier,Nantes,57.0
C01578,2021-05-03,Professionnel,Lille,38.0
C01579,2023-12-31,Professionnel,Toulouse,28.0
C01580,2021-04-07,Particulier,Paris,45.0
C01581,2021-04-02,Particulier,Bordeaux,34.0
C01582,2022-01-01,Particulier,BORDEAUX,27.0
C01583,2022-01-06,Particulier,Bordeaux,999.0
C01584,2022-11-22,Professionnel,Lille,41.0
C01585,2023-10-10,Particulier,Marseille,51.0
C01586,2022-04-26,Association,Strasbourg,31.0
C01587,2021-12-26,Professionnel,Paris,38.0
C01588,2022-04-30,Particulier,Strasbourg,33.0
C01589,2022-07-08,Particulier,Nantes,31.0
C01590,2021-04-21,Particulier,STRASBOURG,31.0
C01591,2021-10-23,Particulier,Paris,34.0
C01592,2022-01-30,Particulier,Lyon,46.0
C01593,2019-04-15,Particulier,Lille,57.0
C01594,2022-03-06,Professionnel,Toulouse,35.0
C01595,2024-05-23,Association,Paris,51.0
C01596,2020-12-21,Particulier,lyon,30.0
C01597,2023-05-09,Professionnel,marseille,22.0
C01598,2021-04-17,Professionnel,Nantes,
C01599,2019-04-01,Particulier,Paris,40.0
C01600,2023-11-19,Particulier,Bordeaux,29.0
C01601,2022-03-11,Association,Nantes,25.0
C01602,2021-10-28,Professionnel,lyon,25.0
C01603,2020-07-28,Professionnel,Strasbourg,63.0
C01604,2021-01-16,Association,Bordeaux,50.0
C01605,2023-07-23,Particulier,LYON,32.0
C01606,2023-03-19,Particulier,Strasbourg,47.0
C01607,2020-04-27,Professionnel,Strasbourg,62.0
C01608,2019-09-05,Professionnel,Lyon,30.0
C01609,2020-11-22,Professionnel,STRASBOURG,25.0
C01610,2023-02-26,Professionnel,Strasbourg,36.0
C01611,2021-06-12,Association,BORDEAUX,55.0
C01612,2023-03-25,Association,Bordeaux,30.0
C01613,2022-07-05,Particulier,bordeaux,
C01614,2024-06-16,Particulier,LYON,43.0
C01615,2020-10-22,Particulier,PARIS,38.0
C01616,2023-05-20,Professionnel,Strasbourg,53.0
C01617,2021-04-05,Association,  Strasbourg ,45.0
C01618,2023-11-08,Particulier,Bordeaux,36.0
C01619,2021-09-04,Association,Nantes,49.0
C01620,2024-01-03,Particulier,Paris,38.0
C01621,2023-09-25,Professionnel,Lille,
C01622,2019-05-16,Particulier,Bordeaux,59.0
C01623,2019-04-09,Association,LYON,39.0
C01624,2023-02-28,Particulier,MARSEILLE,73.0
C01625,2020-03-25,Particulier,Toulouse,19.0
C01626,2019-04-17,Professionnel,Paris,-16.0
C01627,2022-09-30,Particulier,Paris,15.0
C01628,2020-12-04,Professionnel,Nantes,40.0
C01629,2023-08-11,Particulier,Nantes,55.0
C01630,2019-03-17,Professionnel,Marseille,16.0
C01631,2023-10-09,Particulier,Nantes,55.0
C01632,2021-07-18,Particulier,  Lyon ,20.0
C01633,2023-06-12,Association,Toulouse,22.0
C01634,2021-07-15,Professionnel,Strasbourg,38.0
C01635,2019-12-07,Particulier,Toulouse,41.0
C01636,2021-11-04,Professionnel,Nantes,37.0
C01637,2023-11-17,Particulier,Strasbourg,39.0
C01638,2022-02-02,Professionnel,Nantes,47.0
C01639,2023-03-25,Professionnel,BORDEAUX,41.0
C01640,2021-10-24,Professionnel,Toulouse,19.0
C01641,2021-09-09,Professionnel,Paris,52.0
C01642,2020-02-08,Particulier,Lille,29.0
C01643,2020-08-28,Association,Marseille,
C01644,2021-01-02,Particulier,Lille,64.0
C01645,2020-11-19,Professionnel,Lyon,59.0
C01646,2020-08-19,Professionnel,Strasbourg,
C01647,2020-04-07,Particulier,Marseille,37.0
C01648,2021-08-04,Particulier,Strasbourg,28.0
C01649,2022-05-10,Particulier,Lyon,46.0
C01650,2023-11-14,Professionnel,paris,0.0
C01651,2024-04-05,Professionnel,Strasbourg,21.0
C01652,2019-02-17,Association,PARIS,54.0
C01653,2023-08-11,Professionnel,Marseille,51.0
C01654,2020-05-19,Particulier,STRASBOURG,43.0
C01655,2022-10-20,Professionnel,Bordeaux,55.0
C01656,2023-07-11,Particulier,marseille,58.0
C01657,2022-04-28,Professionnel,  Nantes ,16.0
C01658,2019-11-06,Particulier,Lille,55.0
C01659,2021-05-29,Particulier,Lyon,48.0
C01660,2020-09-15,Particulier,Lyon,17.0
C01661,2020-12-15,Particulier,LYON,39.0
C01662,2019-11-13,Professionnel,LILLE,55.0
C01663,2023-08-24,Professionnel,Toulouse,29.0
C01664,2019-02-25,Professionnel,BORDEAUX,72.0
C01665,2021-06-14,Professionnel,TOULOUSE,66.0
C01666,2019-02-24,Professionnel,Bordeaux,
C01667,2020-06-19,Association,Lyon,56.0
C01668,2020-08-07,Professionnel,Bordeaux,74.0
C01669,2022-01-11,Professionnel,  Lyon ,43.0
C01670,2022-04-04,Professionnel,Bordeaux,21.0
C01671,2020-04-29,Particulier,Toulouse,40.0
C01672,2023-02-02,Professionnel,Lyon,31.0
C01673,2021-09-27,Professionnel,Marseille,41.0
C01674,2019-04-02,Particulier,  Lyon ,46.0
C01675,2022-04-09,Particulier,  Strasbourg ,43.0
C01676,2020-04-24,Professionnel,Paris,22.0
C01677,2020-04-01,Professionnel,Lille,36.0
C01678,2023-06-21,Association,  Lille ,33.0
C01679,2021-12-12,Professionnel,Paris,47.0
C01680,2020-11-25,Particulier,Strasbourg,35.0
C01681,2021-11-21,Particulier,Lille,46.0
C01682,2019-05-31,Particulier,  Paris ,42.0
C01683,2019-06-09,Particulier,Nantes,47.0
C01684,2022-10-20,Particulier,Strasbourg,33.0
C01685,2020-11-27,Professionnel,Lyon,43.0
C01686,2019-04-04,Professionnel,Lille,53.0
C01687,2022-09-22,Particulier,Bordeaux,22.0
C01688,2019-11-17,Particulier,Toulouse,47.0
C01689,2020-05-18,Professionnel,Nantes,53.0
C01690,2021-01-02,Professionnel,Nantes,54.0
C01691,2024-03-22,Particulier,PARIS,22.0
C01692,2024-04-10,Particulier,Nantes,40.0
C01693,2023-03-10,Professionnel,Strasbourg,56.0
C01694,2023-06-26,Professionnel,MARSEILLE,34.0
C01695,2022-01-14,Particulier,LILLE,
C01696,2022-08-03,Association,Bordeaux,67.0
C01697,2021-02-12,Professionnel,Toulouse,43.0
C01698,2022-06-06,Professionnel,LYON,34.0
C01699,2021-06-09,Professionnel,Paris,56.0
C01700,2024-05-11,Professionnel,lille,
C01701,2019-09-14,Association,Strasbourg,
C01702,2019-08-22,Professionnel,nantes,51.0
C01703,2019-04-07,Particulier,strasbourg,37.0
C01704,2024-06-11,Particulier,Strasbourg,48.0
C01705,2023-01-19,Particulier,Strasbourg,46.0
C01706,2019-01-12,Professionnel,Toulouse,33.0
C01707,2021-07-21,Particulier,Toulouse,63.0
C01708,2020-06-16,Particulier,Marseille,50.0
C01709,2019-04-20,Association,bordeaux,43.0
C01710,2019-03-18,Association,Marseille,45.0
C01711,2019-08-06,Association,Lyon,46.0
C01712,2019-11-06,Association,Marseille,76.0
C01713,2020-09-08,Particulier,lille,28.0
C01714,2019-09-30,Particulier,BORDEAUX,43.0
C01715,2019-02-25,Particulier,Strasbourg,37.0
C01716,2022-06-05,Professionnel,NANTES,26.0
C01717,2019-05-17,Particulier,MARSEILLE,48.0
C01718,2019-06-16,Association,Nantes,4.0
C01719,2019-08-07,Particulier,Paris,51.0
C01720,2019-05-13,Particulier,Nantes,11.0
C01721,2019-12-19,Association,Paris,
C01722,2021-12-11,Particulier,paris,29.0
C01723,2023-02-01,Particulier,Nantes,57.0
C01724,2021-05-09,Association,Nantes,40.0
C01725,2019-03-28,Particulier,Strasbourg,30.0
C01726,2021-02-04,Particulier,Bordeaux,
C01727,2019-05-28,Professionnel,Marseille,0.0
C01728,2023-09-23,Particulier,BORDEAUX,33.0
C01729,2019-09-22,Professionnel,Paris,31.0
C01730,2020-09-27,Professionnel,LYON,50.0
C01731,2019-03-18,Particulier,  Lyon ,38.0
C01732,2022-12-21,Particulier,Marseille,13.0
C01733,2020-06-30,Association,marseille,36.0
C01734,2021-06-09,Professionnel,lyon,0.0
C01735,2021-07-17,Professionnel,Lyon,
C01736,2023-03-27,Professionnel,Lille,2.0
C01737,2023-03-14,Professionnel,Marseille,
C01738,2020-07-20,Association,STRASBOURG,50.0
C01739,2021-10-19,Particulier,LILLE,29.0
C01740,2022-10-10,Particulier,Lyon,54.0
C01741,2020-07-11,Association,Bordeaux,18.0
C01742,2021-07-09,Association,Nantes,23.0
C01743,2021-03-01,Particulier,Marseille,32.0
C01744,2021-05-01,Particulier,Toulouse,62.0
C01745,2024-04-28,Particulier,Strasbourg,37.0
C01746,2021-11-21,Particulier,Strasbourg,30.0
C01747,2019-06-26,Professionnel,Toulouse,40.0
C01748,2022-05-30,Professionnel,Nantes,40.0
C01749,2023-10-24,Particulier,Bordeaux,51.0
C01750,2021-04-11,Particulier,paris,
C01751,2024-04-13,Association,Toulouse,49.0
C01752,2019-10-22,Association,Marseille,55.0
C01753,2024-01-23,Particulier,Nantes,43.0
C01754,2023-02-08,Particulier,Lille,62.0
C01755,2020-07-06,Particulier,Lille,50.0
C01756,2020-01-26,Professionnel,Lille,23.0
C01757,2020-07-05,Professionnel,lille,42.0
C01758,2019-08-15,Association,  Nantes ,999.0
C01759,2021-07-27,Particulier,Lille,12.0
C01760,2023-06-25,Professionnel,Strasbourg,23.0
C01761,2022-05-29,Particulier,Lyon,
C01762,2022-02-05,Association,lille,36.0
C01763,2019-12-01,Professionnel,nantes,54.0
C01764,2024-02-19,Professionnel,Marseille,40.0
C01765,2019-12-16,Professionnel,strasbourg,33.0
C01766,2020-12-15,Particulier,Marseille,37.0
C01767,2023-07-10,Particulier,Strasbourg,31.0
C01768,2023-11-05,Particulier,PARIS,31.0
C01769,2022-12-11,Particulier,Lyon,23.0
C01770,2023-05-22,Particulier,LYON,66.0
C01771,2019-05-17,Particulier,Paris,37.0
C01772,2019-03-12,Particulier,paris,47.0
C01773,2020-01-18,Professionnel,NANTES,38.0
C01774,2020-06-20,Professionnel,NANTES,
C01775,2020-01-25,Professionnel,Lille,999.0
C01776,2020-10-31,Particulier,Marseille,62.0
C01777,2023-09-09,Association,Strasbourg,40.0
C01778,2023-05-12,Particulier,Paris,32.0
C01779,2021-05-19,Association,toulouse,32.0
C01780,2022-12-16,Association,Marseille,63.0
C01781,2019-05-17,Particulier,Paris,36.0
C01782,2023-08-19,Particulier,marseille,32.0
C01783,2019-01-21,Professionnel,Strasbourg,61.0
C01784,2021-09-04,Professionnel,strasbourg,40.0
C01785,2023-01-13,Association,BORDEAUX,16.0
C01786,2020-01-04,Association,Marseille,44.0
C01787,2019-05-17,Particulier,Toulouse,31.0
C01788,2021-10-15,Particulier,Marseille,41.0
C01789,2020-06-14,Particulier,Lille,36.0
C01790,2022-11-28,Professionnel,Bordeaux,41.0
C01791,2020-10-29,Particulier,  Toulouse ,38.0
C01792,2024-03-24,Particulier,Strasbourg,47.0
C01793,2023-12-29,Professionnel,Nantes,39.0
C01794,2021-05-16,Professionnel,Lille,28.0
C01795,2021-04-21,Association,Marseille,60.0
C01796,2020-11-27,Particulier,Bordeaux,40.0
C01797,2024-03-04,Association,Nantes,30.0
C01798,2020-02-16,Particulier,Lyon,39.0
C01799,2020-07-11,Particulier,Bordeaux,53.0
C01800,2020-07-22,Professionnel,  Toulouse ,40.0
C01801,2020-05-19,Particulier,Lyon,31.0
C01802,2023-10-10,Particulier,Lyon,50.0
C01803,2020-01-11,Association,  Nantes ,
C01804,2024-05-06,Particulier,strasbourg,41.0
C01805,2024-05-24,Particulier,lyon,64.0
C01806,2023-02-26,Particulier,paris,23.0
C01807,2021-12-14,Professionnel,toulouse,55.0
C01808,2019-01-05,Particulier,paris,61.0
C01809,2022-06-25,Association,bordeaux,34.0
C01810,2020-02-28,Particulier,Lyon,
C01811,2021-09-02,Association,Paris,43.0
C01812,2021-06-18,Particulier,Paris,26.0
C01813,2019-08-25,Particulier,Lyon,47.0
C01814,2023-04-15,Particulier,LILLE,26.0
C01815,2020-04-08,Particulier,Paris,39.0
C01816,2021-04-02,Professionnel,STRASBOURG,47.0
C01817,2021-11-07,Professionnel,Lille,39.0
C01818,2020-09-20,Association,Toulouse,
C01819,2022-10-30,Association,Toulouse,49.0
C01820,2020-03-27,Particulier,Toulouse,57.0
C01821,2019-01-19,Professionnel,Lyon,999.0
C01822,2020-07-23,Association,  Paris ,33.0
C01823,2024-05-24,Professionnel,Lille,24.0
C01824,2021-10-17,Particulier,toulouse,61.0
C01825,2020-10-25,Professionnel,  Nantes ,26.0
C01826,2023-09-07,Particulier,Lille,68.0
C01827,2023-04-15,Association,Lyon,57.0
C01828,2024-06-06,Professionnel,TOULOUSE,42.0
C01829,2020-06-04,Particulier,  Bordeaux ,66.0
C01830,2023-02-23,Particulier,Nantes,53.0
C01831,2019-01-09,Association,Lille,42.0
C01832,2022-08-11,Particulier,Paris,39.0
C01833,2022-08-02,Professionnel,Paris,44.0
C01834,2023-08-23,Particulier,Marseille,17.0
C01835,2020-01-03,Particulier,Paris,45.0
C01836,2020-10-15,Particulier,Paris,37.0
C01837,2020-02-02,Particulier,Bordeaux,30.0
C01838,2022-03-23,Association,Nantes,37.0
C01839,2023-04-10,Particulier,Bordeaux,45.0
C01840,2021-07-27,Professionnel,Paris,61.0
C01841,2020-11-11,Particulier,Nantes,50.0
C01842,2019-03-30,Association,Marseille,65.0
C01843,2020-06-26,Particulier,Lyon,34.0
C01844,2020-07-02,Particulier,Marseille,28.0
C01845,2021-09-29,Particulier,strasbourg,68.0
C01846,2022-03-20,Particulier,Strasbourg,42.0
C01847,2020-01-07,Particulier,Bordeaux,45.0
C01848,2020-06-01,Particulier,NANTES,50.0
C01849,2019-03-28,Professionnel,  Toulouse ,67.0
C01850,2020-04-25,Particulier,MARSEILLE,46.0
C01851,2019-10-05,Particulier,Toulouse,-1.0
C01852,2023-10-17,Professionnel,Bordeaux,56.0
C01853,2019-08-07,Particulier,Lyon,50.0
C01854,2022-10-12,Professionnel,Strasbourg,23.0
C01855,2023-02-14,Association,Bordeaux,35.0
C01856,2022-07-14,Particulier,Strasbourg,63.0
C01857,2024-02-22,Professionnel,Bordeaux,36.0
C01858,2023-06-30,Association,Marseille,39.0
C01859,2020-11-18,Particulier,  Bordeaux ,40.0
C01860,2024-04-17,Association,Paris,40.0
C01861,2023-01-28,Professionnel,Toulouse,26.0
C01862,2024-06-22,Professionnel,  Strasbourg ,37.0
C01863,2021-03-16,Particulier,Marseille,-1.0
C01864,2019-08-17,Association,toulouse,
C01865,2019-06-07,Particulier,Marseille,59.0
C01866,2019-08-06,Particulier,Bordeaux,39.0
C01867,2021-04-28,Professionnel,PARIS,62.0
C01868,2019-09-08,Particulier,Nantes,51.0
C01869,2019-02-03,Particulier,Lille,45.0
C01870,2019-01-06,Particulier,LYON,44.0
C01871,2024-06-03,Professionnel,Lille,57.0
C01872,2022-10-31,Professionnel,LILLE,42.0
C01873,2022-07-21,Professionnel,Nantes,42.0
C01874,2019-09-02,Association,Lille,44.0
C01875,2022-07-26,Particulier,Nantes,18.0
C01876,2020-11-09,Professionnel,NANTES,33.0
C01877,2020-08-22,Particulier,Nantes,32.0
C01878,2022-08-14,Professionnel,Nantes,33.0
C01879,2020-08-05,Professionnel,Strasbourg,31.0
C01880,2024-04-01,Professionnel,Toulouse,26.0
C01881,2022-12-03,Association,toulouse,15.0
C01882,2020-05-25,Professionnel,Strasbourg,69.0
C01883,2019-06-01,Particulier,Nantes,77.0
C01884,2020-10-03,Professionnel,Lyon,
C01885,2019-03-28,Particulier,Bordeaux,46.0
C01886,2019-03-14,Particulier,Nantes,39.0
C01887,2021-09-13,Professionnel,Lille,
C01888,2020-12-06,Particulier,Marseille,54.0
C01889,2021-07-05,Particulier,Strasbourg,48.0
C01890,2023-11-20,Association,Lyon,45.0
C01891,2022-12-23,Particulier,toulouse,37.0
C01892,2022-01-18,Association,Bordeaux,22.0
C01893,2019-04-30,Particulier,Lyon,
C01894,2019-11-30,Particulier,Lille,49.0
C01895,2019-11-02,Particulier,Bordeaux,35.0
C01896,2022-06-14,Particulier,Paris,4.0
C01897,2021-03-22,Association,Nantes,26.0
C01898,2021-02-26,Particulier,Toulouse,41.0
C01899,2020-10-10,Particulier,Lille,35.0
C01900,2020-07-04,Particulier,Marseille,47.0
C01901,2021-12-27,Professionnel,Toulouse,48.0
C01902,2019-07-16,Professionnel,LILLE,24.0
C01903,2020-03-14,Professionnel,Strasbourg,60.0
C01904,2020-12-25,Particulier,LYON,48.0
C01905,2020-12-17,Particulier,Paris,47.0
C01906,2021-06-29,Particulier,TOULOUSE,46.0
C01907,2019-02-26,Professionnel,Nantes,51.0
C01908,2019-06-12,Particulier,Toulouse,45.0
C01909,2023-11-30,Particulier,TOULOUSE,56.0
C01910,2023-12-25,Association,  Bordeaux ,39.0
C01911,2019-02-18,Professionnel,Nantes,52.0
C01912,2021-02-22,Particulier,Marseille,50.0
C01913,2023-12-30,Association,Marseille,40.0
C01914,2021-02-28,Particulier,Toulouse,26.0
C01915,2020-07-10,Particulier,Bordeaux,62.0
C01916,2019-05-02,Professionnel,Marseille,55.0
C01917,2022-07-05,Professionnel,Nantes,26.0
C01918,2021-01-19,Professionnel,Marseille,31.0
C01919,2019-10-14,Professionnel,Marseille,37.0
C01920,2020-01-16,Particulier,strasbourg,36.0
C01921,2020-09-28,Professionnel,Bordeaux,42.0
C01922,2023-11-05,Particulier,Paris,50.0
C01923,2022-09-23,Particulier,Toulouse,37.0
C01924,2020-07-25,Particulier,NANTES,41.0
C01925,2021-03-06,Particulier,Marseille,28.0
C01926,2019-09-05,Particulier,Paris,30.0
C01927,2020-10-03,Particulier,STRASBOURG,58.0
C01928,2022-01-21,Professionnel,Marseille,17.0
C01929,2019-07-01,Professionnel,Paris,5.0
C01930,2020-05-29,Professionnel,Paris,35.0
C01931,2020-06-06,Particulier,Strasbourg,29.0
C01932,2023-11-27,Professionnel,Strasbourg,19.0
C01933,2019-10-08,Particulier,Nantes,
C01934,2021-04-15,Professionnel,Paris,48.0
C01935,2023-07-27,Particulier,Lyon,35.0
C01936,2019-10-07,Particulier,marseille,26.0
C01937,2022-04-12,Particulier,MARSEILLE,
C01938,2023-12-17,Particulier,Toulouse,34.0
C01939,2020-08-31,Particulier,Paris,34.0
C01940,2022-07-21,Professionnel,Lille,63.0
C01941,2020-09-30,Particulier,Bordeaux,27.0
C01942,2021-09-27,Association,Lille,51.0
C01943,2024-04-25,Particulier,PARIS,35.0
C01944,2021-03-06,Particulier,Lille,26.0
C01945,2023-11-09,Particulier,  Toulouse ,16.0
C01946,2022-06-10,Particulier,Lille,33.0
C01947,2023-02-24,Particulier,bordeaux,10.0
C01948,2024-01-27,Professionnel,Toulouse,18.0
C01949,2021-03-30,Particulier,Paris,36.0
C01950,2020-09-26,Particulier,Toulouse,64.0
C01951,2023-07-23,Professionnel,Lille,27.0
C01952,2023-02-03,Particulier,Lille,60.0
C01953,2019-05-23,Professionnel,Bordeaux,47.0
C01954,2022-07-30,Particulier,Paris,40.0
C01955,2019-11-26,Professionnel,Marseille,39.0
C01956,2020-10-29,Particulier,  Bordeaux ,47.0
C01957,2019-08-05,Particulier,Lyon,
C01958,2022-12-17,Association,Lille,37.0
C01959,2019-04-02,Professionnel,Bordeaux,32.0
C01960,2019-05-16,Association,Nantes,22.0
C01961,2021-10-12,Professionnel,Marseille,41.0
C01962,2023-03-28,Association,Toulouse,30.0
C01963,2023-08-01,Association,Nantes,61.0
C01964,2019-08-27,Association,Lille,60.0
C01965,2020-06-14,Particulier,Nantes,
C01966,2023-12-24,Particulier,lyon,50.0
C01967,2021-05-23,Particulier,MARSEILLE,31.0
C01968,2021-12-11,Association,Lyon,36.0
C01969,2023-01-12,Professionnel,Lyon,60.0
C01970,2024-03-17,Particulier,TOULOUSE,48.0
C01971,2023-10-09,Particulier,Bordeaux,55.0
C01972,2024-04-21,Particulier,  Nantes ,45.0
C01973,2024-06-15,Particulier,Strasbourg,27.0
C01974,2019-04-20,Particulier,TOULOUSE,
C01975,2019-05-24,Particulier,Paris,39.0
C01976,2023-05-13,Particulier,Toulouse,44.0
C01977,2023-11-14,Association,Toulouse,7.0
C01978,2023-12-09,Professionnel,Paris,43.0
C01979,2023-02-06,Particulier,Bordeaux,46.0
C01980,2019-01-03,Professionnel,MARSEILLE,58.0
C01981,2022-03-27,Particulier,Bordeaux,30.0
C01982,2024-04-19,Professionnel,TOULOUSE,49.0
C01983,2019-03-11,Professionnel,Lille,1.0
C01984,2020-11-05,Association,TOULOUSE,37.0
C01985,2020-06-26,Professionnel,  Lille ,24.0
C01986,2023-12-05,Professionnel,strasbourg,62.0
C01987,2021-06-30,Particulier,paris,40.0
C01988,2019-07-25,Professionnel,Lyon,37.0
C01989,2019-08-15,Professionnel,nantes,
C01990,2024-04-07,Association,Paris,56.0
C01991,2021-04-13,Professionnel,  Strasbourg ,
C01992,2020-03-18,Professionnel,Marseille,
C01993,2019-05-30,Particulier,Marseille,37.0
C01994,2022-03-14,Particulier,strasbourg,43.0
C01995,2019-05-20,Particulier,LILLE,40.0
C01996,2023-06-09,Association,Lyon,23.0
C01997,2019-01-31,Professionnel,Nantes,29.0
C01998,2020-08-30,Particulier,Bordeaux,27.0
C01999,2023-06-18,Particulier,Bordeaux,58.0
C02000,2024-03-26,Professionnel,Marseille,50.0
C02001,2023-10-28,Particulier,Toulouse,41.0
C02002,2023-01-31,Particulier,lyon,49.0
C02003,2021-02-13,Particulier,Marseille,
C02004,2023-03-19,Association,  Lille ,24.0
C02005,2020-07-23,Particulier,nantes,38.0
C02006,2020-11-09,Professionnel,Toulouse,23.0
C02007,2023-05-14,Particulier,MARSEILLE,43.0
C02008,2022-02-10,Particulier,strasbourg,43.0
C02009,2022-01-31,Professionnel,Marseille,31.0
C02010,2023-06-02,Professionnel,Toulouse,30.0
C02011,2023-11-08,Particulier,Strasbourg,45.0
C02012,2019-01-14,Particulier,Nantes,50.0
C02013,2024-05-03,Association,  Strasbourg ,
C02014,2023-08-30,Particulier,Toulouse,38.0
C02015,2024-02-17,Particulier,Marseille,0.0
C02016,2022-09-15,Professionnel,lille,63.0
C02017,2023-05-26,Particulier,Lyon,59.0
C02018,2023-03-11,Particulier,Lyon,72.0
C02019,2019-10-23,Particulier,Paris,59.0
C02020,2022-04-16,Particulier,Marseille,16.0
C02021,2023-08-05,Professionnel,Bordeaux,66.0
C02022,2023-09-08,Association,lille,35.0
C02023,2024-06-06,Professionnel,Strasbourg,46.0
C02024,2023-05-16,Particulier,Lille,25.0
C02025,2022-08-09,Particulier,Strasbourg,37.0
C02026,2021-10-04,Particulier,Lyon,36.0
C02027,2023-08-01,Particulier,BORDEAUX,47.0
C02028,2024-04-30,Association,Strasbourg,
C02029,2023-08-08,Particulier,Strasbourg,20.0
C02030,2019-05-15,Particulier,  Lyon ,22.0
C02031,2020-08-28,Particulier,Lille,35.0
C02032,2020-06-25,Professionnel,Lille,47.0
C02033,2020-09-05,Association,bordeaux,42.0
C02034,2022-11-10,Professionnel,Marseille,21.0
C02035,2023-10-24,Particulier,Nantes,57.0
C02036,2021-03-15,Professionnel,STRASBOURG,38.0
C02037,2020-12-10,Professionnel,Bordeaux,35.0
C02038,2022-08-10,Association,Strasbourg,30.0
C02039,2023-12-27,Professionnel,Bordeaux,42.0
C02040,2020-01-27,Particulier,lyon,
C02041,2023-05-06,Particulier,Lyon,50.0
C02042,2019-02-23,Particulier,nantes,0.0
C02043,2024-04-03,Particulier,marseille,
C02044,2021-01-17,Professionnel,Nantes,60.0
C02045,2021-11-23,Professionnel,Bordeaux,32.0
C02046,2022-02-12,Particulier,Strasbourg,46.0
C02047,2019-03-01,Particulier,Marseille,39.0
C02048,2020-01-29,Association,Paris,36.0
C02049,2021-10-20,Professionnel,Toulouse,11.0
C02050,2021-12-11,Professionnel,Nantes,45.0
C02051,2023-11-30,Professionnel,PARIS,
C02052,2023-07-12,Association,LILLE,31.0
C02053,2019-11-04,Particulier,Bordeaux,40.0
C02054,2023-12-31,Professionnel,Marseille,33.0
C02055,2020-11-21,Particulier,marseille,23.0
C02056,2023-02-22,Particulier,Lyon,57.0
C02057,2021-08-10,Professionnel,Lille,54.0
C02058,2019-11-13,Professionnel,Nantes,45.0
C02059,2020-11-27,Professionnel,LYON,28.0
C02060,2020-01-10,Particulier,  Toulouse ,21.0
C02061,2023-05-13,Particulier,Marseille,26.0
C02062,2022-10-06,Particulier,Nantes,43.0
C02063,2020-02-25,Particulier,Paris,40.0
C02064,2021-08-12,Particulier,Strasbourg,30.0
C02065,2023-06-12,Professionnel,bordeaux,42.0
C02066,2021-02-12,Professionnel,Lyon,73.0
C02067,2020-10-04,Particulier,marseille,83.0
C02068,2024-04-25,Particulier,Paris,29.0
C02069,2022-12-25,Particulier,Lille,35.0
C02070,2023-01-01,Professionnel,Toulouse,46.0
C02071,2019-10-10,Particulier,Marseille,56.0
C02072,2023-11-07,Particulier,Paris,43.0
C02073,2024-02-05,Association,Marseille,-1.0
C02074,2019-09-22,Professionnel,Paris,45.0
C02075,2022-06-17,Association,STRASBOURG,49.0
C02076,2021-12-09,Particulier,Nantes,39.0
C02077,2020-09-30,Particulier,MARSEILLE,34.0
C02078,2024-03-20,Professionnel,Bordeaux,39.0
C02079,2023-07-11,Professionnel,bordeaux,38.0
C02080,2022-08-04,Professionnel,Marseille,43.0
C02081,2020-12-20,Professionnel,lille,50.0
C02082,2019-12-05,Association,Strasbourg,27.0
C02083,2021-09-20,Particulier,Toulouse,31.0
C02084,2023-07-04,Particulier,paris,27.0
C02085,2024-04-02,Association,Bordeaux,-1.0
C02086,2020-12-13,Professionnel,Bordeaux,30.0
C02087,2021-11-19,Particulier,Lille,31.0
C02088,2019-09-15,Particulier,toulouse,43.0
C02089,2020-02-05,Particulier,paris,21.0
C02090,2023-09-07,Association,Strasbourg,29.0
C02091,2022-04-22,Association,Strasbourg,49.0
C02092,2020-05-24,Particulier,Marseille,30.0
C02093,2023-06-07,Particulier,Marseille,48.0
C02094,2022-03-24,Professionnel,Strasbourg,54.0
C02095,2022-12-25,Particulier,Lyon,45.0
C02096,2023-07-30,Particulier,Marseille,64.0
C02097,2020-02-23,Particulier,LYON,28.0
C02098,2020-07-19,Professionnel,Lyon,47.0
C02099,2022-10-14,Association,lille,52.0
C02100,2024-02-01,Association,Strasbourg,28.0
C02101,2022-07-01,Particulier,TOULOUSE,37.0
C02102,2019-06-29,Particulier,strasbourg,27.0
C02103,2021-02-15,Association,Marseille,
C02104,2019-11-05,Professionnel,Nantes,33.0
C02105,2021-01-07,Particulier,Paris,49.0
C02106,2020-04-24,Professionnel,Bordeaux,49.0
C02107,2023-01-06,Association,Marseille,27.0
C02108,2023-06-03,Association,Bordeaux,31.0
C02109,2019-12-13,Professionnel,PARIS,35.0
C02110,2024-03-20,Particulier,bordeaux,48.0
C02111,2024-02-12,Professionnel,Paris,33.0
C02112,2023-06-16,Particulier,Strasbourg,38.0
C02113,2021-06-12,Professionnel,Marseille,44.0
C02114,2021-04-29,Particulier,Marseille,
C02115,2019-12-04,Professionnel,  Strasbourg ,33.0
C02116,2020-06-12,Association,lille,45.0
C02117,2020-01-10,Association,Paris,42.0
C02118,2019-08-05,Particulier,Paris,62.0
C02119,2022-12-16,Professionnel,Strasbourg,
C02120,2021-09-30,Professionnel,paris,28.0
C02121,2024-05-21,Professionnel,Nantes,26.0
C02122,2023-08-24,Professionnel,Nantes,59.0
C02123,2022-11-03,Professionnel,BORDEAUX,27.0
C02124,2022-12-03,Professionnel,Lille,
C02125,2023-12-27,Particulier,BORDEAUX,58.0
C02126,2020-12-04,Particulier,bordeaux,27.0
C02127,2019-09-07,Particulier,Lille,38.0
C02128,2021-02-04,Association,NANTES,57.0
C02129,2020-03-08,Particulier,LYON,49.0
C02130,2024-04-07,Professionnel,Nantes,41.0
C02131,2020-02-07,Particulier,Bordeaux,42.0
C02132,2022-07-20,Particulier,Lyon,33.0
C02133,2021-08-01,Professionnel,STRASBOURG,57.0
C02134,2019-01-15,Particulier,Nantes,47.0
C02135,2022-06-18,Particulier,Strasbourg,49.0
C02136,2020-08-21,Professionnel,Paris,38.0
C02137,2023-10-31,Association,  Marseille ,
C02138,2021-05-29,Particulier,Paris,30.0
C02139,2022-08-14,Professionnel,Marseille,55.0
C02140,2022-07-24,Particulier,PARIS,22.0
C02141,2019-01-26,Particulier,Strasbourg,39.0
C02142,2019-02-26,Professionnel,Nantes,41.0
C02143,2022-02-15,Particulier,Paris,31.0
C02144,2021-01-24,Particulier,Strasbourg,21.0
C02145,2020-10-08,Particulier,Lyon,37.0
C02146,2023-07-01,Particulier,Strasbourg,44.0
C02147,2022-08-21,Particulier,Toulouse,34.0
C02148,2022-04-14,Particulier,Lille,38.0
C02149,2021-04-15,Professionnel,Strasbourg,
C02150,2023-04-07,Particulier,Nantes,43.0
C02151,2021-05-04,Professionnel,Paris,47.0
C02152,2021-04-10,Particulier,Lille,31.0
C02153,2021-10-15,Professionnel,Lille,
C02154,2020-10-01,Particulier,BORDEAUX,42.0
C02155,2024-05-27,Particulier,NANTES,29.0
C02156,2023-12-09,Association,Bordeaux,39.0
C02157,2022-02-14,Professionnel,Paris,57.0
C02158,2019-08-21,Professionnel,Marseille,26.0
C02159,2022-01-10,Professionnel,Paris,
C02160,2024-01-04,Particulier,Nantes,32.0
C02161,2019-06-17,Particulier,MARSEILLE,38.0
C02162,2020-09-26,Association,Strasbourg,20.0
C02163,2021-04-21,Professionnel,NANTES,51.0
C02164,2023-03-04,Particulier,Lyon,45.0
C02165,2021-05-24,Professionnel,Toulouse,56.0
C02166,2022-08-01,Professionnel,strasbourg,10.0
C02167,2023-05-19,Professionnel,Strasbourg,
C02168,2021-10-20,Professionnel,nantes,45.0
C02169,2022-05-02,Particulier,Strasbourg,38.0
C02170,2020-06-14,Professionnel,Marseille,24.0
C02171,2021-02-03,Association,Strasbourg,60.0
C02172,2023-08-29,Professionnel,Bordeaux,17.0
C02173,2020-11-02,Professionnel,Paris,33.0
C02174,2019-03-05,Particulier,Paris,31.0
C02175,2021-02-24,Particulier,Lille,31.0
C02176,2023-07-19,Particulier,Nantes,44.0
C02177,2019-03-27,Professionnel,Paris,39.0
C02178,2021-05-04,Professionnel,paris,21.0
C02179,2022-02-22,Particulier,Bordeaux,46.0
C02180,2023-04-08,Professionnel,marseille,35.0
C02181,2023-03-02,Particulier,Lille,63.0
C02182,2023-03-19,Particulier,toulouse,999.0
C02183,2020-05-28,Particulier,Lille,81.0
C02184,2021-02-25,Association,  Strasbourg ,28.0
C02185,2021-01-01,Particulier,Paris,33.0
C02186,2020-10-30,Professionnel,Lyon,38.0
C02187,2022-01-10,Professionnel,Lyon,44.0
C02188,2021-05-31,Professionnel,Paris,50.0
C02189,2022-08-07,Association,Bordeaux,60.0
C02190,2021-12-18,Association,  Paris ,33.0
C02191,2021-06-08,Association,  Nantes ,34.0
C02192,2023-08-25,Association,Bordeaux,57.0
C02193,2021-11-25,Particulier,Lille,49.0
C02194,2020-12-03,Professionnel,  Toulouse ,38.0
C02195,2021-08-13,Professionnel,STRASBOURG,58.0
C02196,2021-01-24,Particulier,Paris,49.0
C02197,2020-05-08,Particulier,STRASBOURG,35.0
C02198,2022-09-30,Association,marseille,66.0
C02199,2022-08-19,Particulier,Lille,42.0
C02200,2020-08-12,Particulier,lyon,40.0
C02201,2023-09-11,Association,Bordeaux,53.0
C02202,2021-12-17,Association,Nantes,40.0
C02203,2023-09-05,Particulier,Lyon,38.0
C02204,2023-01-10,Particulier,Lyon,39.0
C02205,2019-07-08,Particulier,lyon,34.0
C02206,2020-12-09,Professionnel,strasbourg,51.0
C02207,2021-11-08,Professionnel,Lille,50.0
C02208,2019-03-03,Professionnel,Strasbourg,30.0
C02209,2022-04-24,Particulier,Lyon,19.0
C02210,2022-01-13,Particulier,Paris,17.0
C02211,2022-11-17,Professionnel,Nantes,
C02212,2020-05-21,Professionnel,lille,35.0
C02213,2021-05-30,Particulier,Strasbourg,52.0
C02214,2024-04-18,Particulier,LYON,56.0
C02215,2020-10-28,Professionnel,Nantes,39.0
C02216,2022-12-08,Particulier,Marseille,40.0
C02217,2021-03-12,Particulier,NANTES,33.0
C02218,2019-08-03,Particulier,Nantes,44.0
C02219,2021-06-26,Particulier,Marseille,32.0
C02220,2023-08-07,Particulier,Nantes,39.0
C02221,2023-05-09,Professionnel,bordeaux,68.0
C02222,2023-08-11,Particulier,Nantes,33.0
C02223,2022-10-31,Particulier,Nantes,82.0
C02224,2021-07-17,Particulier,nantes,35.0
C02225,2022-10-02,Professionnel,PARIS,47.0
C02226,2020-06-06,Association,Strasbourg,21.0
C02227,2019-03-14,Professionnel,Paris,44.0
C02228,2024-03-11,Particulier,BORDEAUX,26.0
C02229,2023-01-14,Professionnel,MARSEILLE,
C02230,2020-08-19,Particulier,Toulouse,
C02231,2019-06-07,Professionnel,Lyon,9.0
C02232,2019-10-27,Association,Nantes,63.0
C02233,2020-01-01,Particulier,Lille,29.0
C02234,2020-12-18,Professionnel,Marseille,31.0
C02235,2021-09-27,Association,bordeaux,57.0
C02236,2023-07-16,Particulier,Strasbourg,24.0
C02237,2019-11-04,Particulier,Bordeaux,14.0
C02238,2023-12-06,Professionnel,Strasbourg,60.0
C02239,2023-06-21,Association,Strasbourg,37.0
C02240,2021-02-27,Association,Nantes,60.0
C02241,2019-06-08,Particulier,toulouse,35.0
C02242,2019-01-10,Particulier,  Lyon ,48.0
C02243,2023-04-15,Particulier,nantes,8.0
C02244,2020-09-03,Particulier,paris,24.0
C02245,2019-06-23,Professionnel,lyon,43.0
C02246,2022-04-09,Particulier,Bordeaux,37.0
C02247,2023-10-29,Particulier,Marseille,33.0
C02248,2022-05-12,Particulier,NANTES,33.0
C02249,2023-06-17,Professionnel,Strasbourg,40.0
C02250,2019-07-29,Particulier,lille,40.0
C02251,2020-07-17,Professionnel,Strasbourg,37.0
C02252,2023-06-17,Professionnel,Lyon,74.0
C02253,2021-03-01,Particulier,Bordeaux,45.0
C02254,2021-11-15,Professionnel,Lille,37.0
C02255,2023-06-18,Association,Paris,
C02256,2021-06-07,Professionnel,Lille,35.0
C02257,2021-03-09,Association,Lille,35.0
C02258,2024-03-04,Professionnel,Toulouse,29.0
C02259,2020-06-18,Particulier,Strasbourg,48.0
C02260,2020-11-09,Particulier,Paris,23.0
C02261,2022-08-21,Association,Lyon,46.0
C02262,2020-07-10,Particulier,Strasbourg,
C02263,2021-04-03,Professionnel,Paris,32.0
C02264,2022-03-21,Particulier,Lyon,47.0
C02265,2019-07-22,Particulier,STRASBOURG,53.0
C02266,2023-03-08,Particulier,Bordeaux,40.0
C02267,2022-08-03,Particulier,  Nantes ,55.0
C02268,2021-04-06,Particulier,Paris,44.0
C02269,2023-11-29,Professionnel,Lyon,25.0
C02270,2022-03-28,Professionnel,Paris,38.0
C02271,2021-07-01,Particulier,Marseille,38.0
C02272,2021-09-11,Association,Paris,-1.0
C02273,2019-02-18,Particulier,Paris,48.0
C02274,2024-02-06,Professionnel,Lille,
C02275,2020-08-16,Professionnel,Lyon,43.0
C02276,2023-02-11,Association,Lille,
C02277,2019-01-22,Professionnel,Strasbourg,36.0
C02278,2022-11-20,Professionnel,Strasbourg,30.0
C02279,2020-01-06,Professionnel,Strasbourg,54.0
C02280,2019-11-10,Particulier,Marseille,40.0
C02281,2020-06-08,Association,Lyon,47.0
C02282,2020-03-30,Particulier,Strasbourg,52.0
C02283,2023-02-14,Particulier,  Lille ,
C02284,2024-06-01,Professionnel,Nantes,23.0
C02285,2022-07-20,Professionnel,lyon,34.0
C02286,2024-02-23,Particulier,Strasbourg,31.0
C02287,2019-10-15,Particulier,LYON,38.0
C02288,2024-06-03,Particulier,Toulouse,55.0
C02289,2023-07-25,Professionnel,Paris,50.0
C02290,2020-02-03,Professionnel,Toulouse,8.0
C02291,2020-03-27,Professionnel,LYON,38.0
C02292,2023-08-07,Particulier,Strasbourg,32.0
C02293,2022-07-26,Particulier,Bordeaux,70.0
C02294,2019-09-11,Professionnel,Strasbourg,19.0
C02295,2020-04-20,Particulier,Strasbourg,41.0
C02296,2022-03-03,Association,strasbourg,34.0
C02297,2019-03-23,Particulier,Nantes,31.0
C02298,2022-05-02,Association,Lyon,45.0
C02299,2019-02-03,Professionnel,Lille,39.0
C02300,2021-04-18,Particulier,PARIS,39.0
C02301,2020-09-21,Particulier,  Bordeaux ,41.0
C02302,2020-07-20,Professionnel,Marseille,62.0
C02303,2024-01-20,Particulier,marseille,35.0
C02304,2019-07-05,Professionnel,Strasbourg,49.0
C02305,2021-11-05,Association,Bordeaux,20.0
C02306,2023-10-09,Professionnel,  Marseille ,28.0
C02307,2022-09-25,Particulier,Lyon,30.0
C02308,2020-03-20,Association,Marseille,37.0
C02309,2022-01-07,Association,lille,39.0
C02310,2024-04-13,Professionnel,Toulouse,
C02311,2020-01-23,Particulier,Nantes,41.0
C02312,2022-02-17,Professionnel,Lyon,40.0
C02313,2024-04-06,Professionnel,Bordeaux,36.0
C02314,2021-03-09,Particulier,Bordeaux,45.0
C02315,2021-09-20,Professionnel,Strasbourg,34.0
C02316,2023-08-28,Particulier,Strasbourg,999.0
C02317,2019-10-27,Professionnel,Paris,37.0
C02318,2021-06-14,Association,LILLE,16.0
C02319,2023-08-23,Particulier,Lyon,38.0
C02320,2021-01-11,Professionnel,Strasbourg,42.0
C02321,2020-07-31,Association,Lille,56.0
C02322,2022-08-28,Professionnel,toulouse,30.0
C02323,2022-12-28,Association,Bordeaux,50.0
C02324,2023-06-12,Association,Toulouse,53.0
C02325,2019-08-04,Association,  Marseille ,42.0
C02326,2022-10-28,Particulier,Toulouse,43.0
C02327,2019-10-27,Particulier,lyon,39.0
C02328,2022-04-30,Association,MARSEILLE,34.0
C02329,2020-10-05,Professionnel,Strasbourg,14.0
C02330,2019-04-29,Particulier,Strasbourg,28.0
C02331,2019-02-25,Association,strasbourg,45.0
C02332,2019-05-27,Particulier,TOULOUSE,36.0
C02333,2019-09-17,Particulier,Lille,57.0
C02334,2022-10-07,Professionnel,Paris,28.0
C02335,2021-10-06,Particulier,LYON,45.0
C02336,2024-02-23,Association,Lille,49.0
C02337,2024-05-11,Particulier,Nantes,50.0
C02338,2021-09-02,Particulier,Toulouse,29.0
C02339,2023-11-27,Particulier,Lyon,49.0
C02340,2023-02-04,Professionnel,Toulouse,56.0
C02341,2019-05-10,Professionnel,Strasbourg,40.0
C02342,2019-07-31,Professionnel,Bordeaux,35.0
C02343,2019-05-16,Particulier,  Lyon ,54.0
C02344,2024-03-13,Particulier,STRASBOURG,24.0
C02345,2023-05-05,Particulier,Lille,
C02346,2019-01-05,Particulier,Strasbourg,38.0
C02347,2024-02-23,Particulier,Marseille,40.0
C02348,2019-08-27,Particulier,Toulouse,9.0
C02349,2019-07-20,Association,Nantes,50.0
C02350,2019-03-04,Particulier,marseille,34.0
C02351,2020-12-20,Association,Marseille,23.0
C02352,2021-05-07,Association,Toulouse,34.0
C02353,2023-04-05,Association,Paris,21.0
C02354,2022-10-30,Particulier,Toulouse,32.0
C02355,2020-08-20,Particulier,Bordeaux,24.0
C02356,2022-03-15,Particulier,Nantes,27.0
C02357,2021-01-09,Particulier,Lyon,60.0
C02358,2019-11-24,Particulier,Lille,53.0
C02359,2022-01-08,Professionnel,Bordeaux,40.0
C02360,2019-10-09,Particulier,NANTES,46.0
C02361,2021-03-30,Association,Paris,55.0
C02362,2021-11-16,Professionnel,Bordeaux,18.0
C02363,2021-04-09,Association,toulouse,38.0
C02364,2023-12-08,Particulier,Nantes,50.0
C02365,2023-11-27,Association,LILLE,40.0
C02366,2020-10-30,Particulier,Bordeaux,32.0
C02367,2020-06-29,Particulier,Paris,39.0
C02368,2022-02-26,Particulier,Bordeaux,
C02369,2021-02-15,Particulier,Nantes,44.0
C02370,2019-08-05,Association,marseille,39.0
C02371,2019-09-25,Association,Marseille,27.0
C02372,2022-02-05,Particulier,Bordeaux,63.0
C02373,2019-05-24,Professionnel,NANTES,55.0
C02374,2021-12-30,Professionnel,Nantes,27.0
C02375,2021-05-11,Professionnel,toulouse,18.0
C02376,2023-07-27,Professionnel,Bordeaux,36.0
C02377,2020-08-21,Professionnel,Strasbourg,29.0
C02378,2022-10-03,Particulier,Strasbourg,48.0
C02379,2020-08-22,Particulier,Bordeaux,46.0
C02380,2023-09-10,Particulier,STRASBOURG,47.0
C02381,2019-01-31,Association,Marseille,29.0
C02382,2020-11-16,Particulier,Lyon,48.0
C02383,2022-02-03,Association,Bordeaux,42.0
C02384,2019-02-20,Particulier,Lyon,42.0
C02385,2022-07-25,Professionnel,Strasbourg,35.0
C02386,2024-02-19,Particulier,Lille,25.0
C02387,2019-01-19,Particulier,Lyon,60.0
C02388,2019-02-14,Particulier,Toulouse,26.0
C02389,2022-04-01,Particulier,lille,32.0
C02390,2020-01-31,Professionnel,Bordeaux,38.0
C02391,2021-12-21,Professionnel,Paris,
C02392,2022-08-04,Professionnel,Lille,
C02393,2022-03-01,Professionnel,Nantes,41.0
C02394,2021-11-10,Professionnel,Nantes,36.0
C02395,2023-06-08,Particulier,MARSEILLE,46.0
C02396,2020-04-08,Professionnel,Lille,37.0
C02397,2023-06-03,Professionnel,TOULOUSE,50.0
C02398,2023-07-12,Professionnel,Bordeaux,36.0
C02399,2021-10-24,Association,BORDEAUX,51.0
C02400,2022-11-18,Particulier,Paris,47.0
C02401,2019-01-08,Association,Lyon,35.0
C02402,2019-11-16,Particulier,Paris,40.0
C02403,2024-01-13,Particulier,Strasbourg,35.0
C02404,2022-04-12,Particulier,  Strasbourg ,
C02405,2022-04-17,Particulier,Nantes,22.0
C02406,2020-07-30,Particulier,Marseille,24.0
C02407,2022-02-18,Particulier,Bordeaux,30.0
C02408,2019-11-22,Association,LYON,9.0
C02409,2020-05-02,Particulier,Bordeaux,50.0
C02410,2019-09-30,Particulier,Marseille,33.0
C02411,2024-03-18,Professionnel,  Toulouse ,38.0
C02412,2019-03-18,Association,Lille,25.0
C02413,2022-06-22,Particulier,LYON,62.0
C02414,2019-08-13,Particulier,nantes,39.0
C02415,2020-07-28,Particulier,Marseille,999.0
C02416,2021-10-05,Association,Bordeaux,17.0
C02417,2023-01-17,Professionnel,Nantes,44.0
C02418,2023-05-18,Professionnel,Marseille,36.0
C02419,2020-12-01,Professionnel,Nantes,31.0
C02420,2023-10-16,Association,  Strasbourg ,64.0
C02421,2019-12-13,Particulier,Marseille,30.0
C02422,2023-12-02,Association,Nantes,44.0
C02423,2020-12-01,Professionnel,Lille,34.0
C02424,2021-03-11,Particulier,Bordeaux,34.0
C02425,2022-06-23,Particulier,Strasbourg,38.0
C02426,2022-03-14,Particulier,Lille,41.0
C02427,2021-11-26,Association,Marseille,39.0
C02428,2021-05-25,Professionnel,Lyon,45.0
C02429,2022-03-11,Particulier,Lille,46.0
C02430,2019-06-03,Particulier,Lyon,38.0
C02431,2022-08-10,Particulier,Toulouse,35.0
C02432,2019-04-12,Particulier,Toulouse,51.0
C02433,2022-07-12,Particulier,marseille,35.0
C02434,2019-11-21,Particulier,Toulouse,42.0
C02435,2023-09-18,Particulier,LYON,39.0
C02436,2022-02-16,Particulier,toulouse,29.0
C02437,2019-06-21,Association,Nantes,53.0
C02438,2022-09-21,Professionnel,NANTES,44.0
C02439,2022-05-26,Association,Marseille,
C02440,2021-10-14,Particulier,LYON,42.0
C02441,2021-07-12,Particulier,Bordeaux,42.0
C02442,2021-02-23,Particulier,NANTES,45.0
C02443,2021-10-26,Association,BORDEAUX,26.0
C02444,2020-10-04,Association,Lyon,58.0
C02445,2021-04-11,Particulier,Lille,
C02446,2024-03-12,Association,BORDEAUX,23.0
C02447,2020-08-23,Particulier,strasbourg,34.0
C02448,2022-02-01,Association,  Paris ,45.0
C02449,2024-01-23,Association,Lille,26.0
C02450,2022-08-06,Particulier,Lille,23.0
C02451,2020-05-01,Association,LILLE,48.0
C02452,2024-05-24,Particulier,bordeaux,48.0
C02453,2019-03-13,Professionnel,Lyon,44.0
C02454,2022-10-19,Particulier,Nantes,43.0
C02455,2020-09-08,Association,  Lyon ,41.0
C02456,2023-04-12,Professionnel,LILLE,55.0
C02457,2023-04-17,Professionnel,Marseille,39.0
C02458,2019-03-12,Particulier,Nantes,44.0
C02459,2021-07-21,Particulier,toulouse,49.0
C02460,2020-07-06,Particulier,lille,67.0
C02461,2020-11-13,Particulier,Bordeaux,41.0
C02462,2019-03-19,Professionnel,Bordeaux,26.0
C02463,2021-07-26,Particulier,Paris,21.0
C02464,2019-01-08,Professionnel,lille,36.0
C02465,2019-07-02,Professionnel,PARIS,53.0
C02466,2021-09-12,Association,Marseille,42.0
C02467,2021-06-01,Association,Nantes,29.0
C02468,2019-09-09,Association,paris,36.0
C02469,2022-03-27,Particulier,Marseille,
C02470,2020-07-02,Professionnel,Paris,44.0
C02471,2023-04-20,Professionnel,BORDEAUX,33.0
C02472,2019-12-07,Professionnel,Nantes,44.0
C02473,2022-10-25,Professionnel,Nantes,37.0
C02474,2021-12-26,Professionnel,Toulouse,34.0
C02475,2020-02-18,Professionnel,nantes,64.0
C02476,2020-06-23,Particulier,Lyon,53.0
C02477,2023-12-30,Professionnel,LYON,36.0
C02478,2022-08-24,Association,Lyon,54.0
C02479,2024-01-12,Association,Lille,43.0
C02480,2019-07-25,Particulier,Strasbourg,41.0
C02481,2019-06-12,Professionnel,strasbourg,27.0
C02482,2023-05-16,Particulier,lyon,16.0
C02483,2021-03-13,Particulier,Toulouse,41.0
C02484,2022-12-24,Particulier,Lille,44.0
C02485,2021-04-30,Particulier,Lyon,39.0
C02486,2023-09-07,Particulier,Lyon,50.0
C02487,2021-01-22,Professionnel,Marseille,30.0
C02488,2019-09-29,Particulier,marseille,38.0
C02489,2023-01-17,Particulier,lille,42.0
C02490,2022-01-04,Professionnel,Lyon,33.0
C02491,2024-01-29,Association,Paris,26.0
C02492,2022-03-18,Particulier,Marseille,28.0
C02493,2021-11-10,Association,Strasbourg,34.0
C02494,2023-11-28,Particulier,Nantes,39.0
C02495,2023-02-14,Professionnel,Lille,41.0
C02496,2022-12-13,Professionnel,paris,51.0
C02497,2019-02-02,Particulier,Strasbourg,33.0
C02498,2022-02-10,Association,BORDEAUX,43.0
C02499,2020-07-15,Professionnel,lille,54.0
C02500,2019-12-25,Particulier,paris,49.0
C02501,2020-10-20,Professionnel,Lyon,52.0
C02502,2022-03-28,Professionnel,Lyon,47.0
C02503,2020-01-20,Particulier,toulouse,48.0
C02504,2021-12-30,Professionnel,Lille,60.0
C02505,2024-04-12,Particulier,lyon,25.0
C02506,2021-02-13,Association,Toulouse,49.0
C02507,2021-10-09,Particulier,TOULOUSE,44.0
C02508,2021-03-18,Particulier,Lille,7.0
C02509,2019-03-20,Professionnel,NANTES,35.0
C02510,2023-10-26,Particulier,strasbourg,24.0
C02511,2019-10-20,Professionnel,Nantes,39.0
C02512,2019-02-19,Particulier,paris,
C02513,2020-06-15,Professionnel,Lille,42.0
C02514,2023-04-17,Particulier,Marseille,70.0
C02515,2020-02-02,Particulier,NANTES,33.0
C02516,2020-08-28,Association,bordeaux,37.0
C02517,2021-04-18,Association,Marseille,51.0
C02518,2024-03-10,Professionnel,Marseille,56.0
C02519,2023-10-04,Particulier,lyon,25.0
C02520,2021-09-28,Particulier,Marseille,34.0
C02521,2024-04-24,Particulier,Bordeaux,34.0
C02522,2023-10-02,Association,Lyon,56.0
C02523,2020-07-05,Particulier,Nantes,57.0
C02524,2021-07-28,Particulier,Bordeaux,
C02525,2022-11-10,Particulier,Nantes,46.0
C02526,2019-10-10,Professionnel,Paris,58.0
C02527,2024-02-25,Particulier,STRASBOURG,25.0
C02528,2024-02-11,Professionnel,MARSEILLE,44.0
C02529,2020-06-12,Professionnel,Lyon,29.0
C02530,2019-04-17,Association,Strasbourg,48.0
C02531,2020-04-05,Particulier,Nantes,
C02532,2024-04-23,Professionnel,Lyon,59.0
C02533,2023-03-22,Professionnel,LILLE,12.0
C02534,2020-05-02,Association,Lille,
C02535,2022-07-20,Particulier,lille,41.0
C02536,2020-09-30,Professionnel,Lille,59.0
C02537,2023-09-09,Particulier,Strasbourg,32.0
C02538,2020-08-19,Professionnel,LYON,42.0
C02539,2022-12-13,Professionnel,Paris,35.0
C02540,2022-02-13,Particulier,Toulouse,19.0
C02541,2024-05-05,Professionnel,  Nantes ,26.0
C02542,2019-03-05,Particulier,Paris,46.0
C02543,2023-07-17,Particulier,Lille,36.0
C02544,2024-02-10,Particulier,Toulouse,23.0
C02545,2023-04-30,Professionnel,Toulouse,60.0
C02546,2021-09-04,Particulier,PARIS,58.0
C02547,2023-06-19,Particulier,Paris,46.0
C02548,2019-03-06,Professionnel,Nantes,38.0
C02549,2019-05-06,Particulier,Lille,62.0
C02550,2022-07-25,Particulier,Lyon,47.0
C02551,2021-11-03,Particulier,Lille,
C02552,2021-08-29,Professionnel,Lille,39.0
C02553,2019-03-01,Professionnel,NANTES,21.0
C02554,2020-11-03,Professionnel,Marseille,39.0
C02555,2020-09-21,Particulier,  Strasbourg ,43.0
C02556,2022-01-26,Association,MARSEILLE,19.0
C02557,2020-03-06,Particulier,Marseille,59.0
C02558,2020-09-07,Particulier,  Paris ,
C02559,2021-06-22,Association,Paris,15.0
C02560,2022-03-08,Particulier,Lille,57.0
C02561,2021-01-03,Association,Strasbourg,9.0
C02562,2019-03-08,Particulier,Lyon,999.0
C02563,2021-09-11,Particulier,Toulouse,66.0
C02564,2022-04-21,Particulier,Marseille,35.0
C02565,2019-10-10,Particulier,marseille,46.0
C02566,2022-08-20,Particulier,Nantes,40.0
C02567,2020-12-01,Professionnel,Nantes,34.0
C02568,2020-11-02,Professionnel,Strasbourg,16.0
C02569,2023-11-28,Particulier,LILLE,27.0
C02570,2020-06-16,Professionnel,Bordeaux,30.0
C02571,2024-01-25,Professionnel,Toulouse,43.0
C02572,2020-03-21,Particulier,Strasbourg,64.0
C02573,2019-08-22,Particulier,Lyon,63.0
C02574,2020-09-20,Association,Lille,24.0
C02575,2022-02-21,Professionnel,Bordeaux,57.0
C02576,2021-06-17,Particulier,Bordeaux,29.0
C02577,2019-01-24,Particulier,Toulouse,22.0
C02578,2021-05-17,Particulier,paris,53.0
C02579,2024-06-14,Professionnel,Toulouse,16.0
C02580,2024-04-04,Professionnel,Lyon,47.0
C02581,2021-08-03,Association,  Toulouse ,48.0
C02582,2020-07-17,Particulier,LILLE,48.0
C02583,2019-02-28,Particulier,Nantes,45.0
C02584,2022-10-22,Particulier,Lille,34.0
C02585,2024-02-28,Particulier,Lille,52.0
C02586,2020-03-31,Particulier,NANTES,61.0
C02587,2021-07-14,Particulier,Nantes,58.0
C02588,2019-08-14,Particulier,Lyon,40.0
C02589,2020-01-21,Association,Marseille,29.0
C02590,2021-07-12,Particulier,nantes,35.0
C02591,2019-04-04,Particulier,Paris,53.0
C02592,2022-03-02,Particulier,Strasbourg,19.0
C02593,2021-05-11,Particulier,lille,54.0
C02594,2019-12-09,Particulier,MARSEILLE,45.0
C02595,2021-03-14,Association,Nantes,65.0
C02596,2021-09-17,Professionnel,PARIS,
C02597,2022-06-02,Particulier,Toulouse,23.0
C02598,2023-02-16,Particulier,Lyon,62.0
C02599,2021-02-07,Professionnel,Strasbourg,14.0
C02600,2020-08-08,Association,  Paris ,12.0
C02601,2020-03-13,Particulier,Bordeaux,57.0
C02602,2020-08-10,Professionnel,marseille,26.0
C02603,2023-01-31,Particulier,Lille,35.0
C02604,2023-08-14,Association,Toulouse,19.0
C02605,2020-04-18,Professionnel,Nantes,42.0
C02606,2019-09-27,Particulier,NANTES,26.0
C02607,2023-11-21,Association,Paris,47.0
C02608,2019-11-21,Particulier,Nantes,0.0
C02609,2019-01-11,Professionnel,STRASBOURG,49.0
C02610,2024-06-17,Particulier,Strasbourg,41.0
C02611,2024-02-02,Particulier,Toulouse,46.0
C02612,2023-12-24,Professionnel,  Toulouse ,55.0
C02613,2020-03-15,Professionnel,Paris,31.0
C02614,2020-08-13,Association,PARIS,41.0
C02615,2024-04-10,Particulier,Lille,56.0
C02616,2020-12-29,Particulier,Strasbourg,58.0
C02617,2019-01-22,Particulier,Bordeaux,48.0
C02618,2023-07-09,Particulier,Marseille,42.0
C02619,2020-06-24,Particulier,Lyon,85.0
C02620,2019-08-15,Professionnel,Lille,36.0
C02621,2019-12-11,Professionnel,Nantes,46.0
C02622,2023-12-20,Particulier,LILLE,39.0
C02623,2024-01-27,Association,Toulouse,57.0
C02624,2019-04-01,Professionnel,PARIS,52.0
C02625,2024-05-19,Association,Toulouse,19.0
C02626,2021-08-10,Particulier,Lille,47.0
C02627,2022-04-25,Association,Lyon,35.0
C02628,2019-06-09,Association,Lyon,32.0
C02629,2019-06-18,Particulier,lille,37.0
C02630,2019-07-22,Professionnel,Toulouse,33.0
C02631,2020-08-08,Professionnel,Strasbourg,
C02632,2022-02-13,Particulier,Toulouse,17.0
C02633,2022-01-29,Association,Paris,37.0
C02634,2020-03-29,Professionnel,  Toulouse ,59.0
C02635,2023-03-29,Particulier,Bordeaux,43.0
C02636,2020-11-04,Association,TOULOUSE,23.0
C02637,2019-10-14,Particulier,toulouse,48.0
C02638,2021-07-28,Professionnel,Strasbourg,53.0
C02639,2021-10-23,Particulier,Bordeaux,0.0
C02640,2021-01-26,Particulier,Strasbourg,15.0
C02641,2021-04-20,Particulier,Bordeaux,27.0
C02642,2020-09-16,Particulier,NANTES,48.0
C02643,2020-12-05,Particulier,Paris,30.0
C02644,2021-03-10,Particulier,Paris,38.0
C02645,2019-05-08,Professionnel,Toulouse,27.0
C02646,2022-12-24,Particulier,  Nantes ,17.0
C02647,2019-05-10,Professionnel,Nantes,48.0
C02648,2020-07-12,Particulier,Nantes,44.0
C02649,2019-03-03,Professionnel,  Lille ,26.0
C02650,2023-06-22,Association,Lille,42.0
C02651,2024-05-11,Particulier,Toulouse,57.0
C02652,2022-02-21,Association,Bordeaux,37.0
C02653,2019-10-20,Particulier,lyon,29.0
C02654,2021-04-17,Association,Marseille,27.0
C02655,2023-02-05,Professionnel,Lille,34.0
C02656,2020-04-24,Association,Lyon,56.0
C02657,2020-05-18,Professionnel,paris,19.0
C02658,2022-09-01,Particulier,Lyon,30.0
C02659,2024-03-26,Professionnel,Bordeaux,32.0
C02660,2021-11-16,Professionnel,Lille,15.0
C02661,2023-02-22,Particulier,lille,16.0
C02662,2022-07-15,Professionnel,Strasbourg,69.0
C02663,2022-05-07,Association,Marseille,27.0
C02664,2021-03-14,Particulier,Toulouse,64.0
C02665,2019-05-12,Particulier,NANTES,28.0
C02666,2020-02-11,Particulier,Lille,40.0
C02667,2020-04-30,Particulier,Bordeaux,
C02668,2021-09-19,Professionnel,Marseille,57.0
C02669,2024-02-14,Professionnel,Lyon,35.0
C02670,2023-02-17,Particulier,bordeaux,37.0
C02671,2019-12-24,Association,Bordeaux,30.0
C02672,2022-11-22,Particulier,Lille,42.0
C02673,2020-05-24,Particulier,Marseille,47.0
C02674,2020-05-16,Professionnel,Marseille,38.0
C02675,2019-05-14,Particulier,toulouse,48.0
C02676,2022-03-19,Particulier,Toulouse,34.0
C02677,2019-08-09,Particulier,strasbourg,57.0
C02678,2020-04-16,Association,Lyon,49.0
C02679,2022-04-01,Particulier,Lyon,24.0
C02680,2019-02-08,Professionnel,Lyon,31.0
C02681,2022-12-11,Professionnel,Paris,59.0
C02682,2022-12-09,Association,Strasbourg,14.0
C02683,2019-09-01,Professionnel,Strasbourg,40.0
C02684,2022-07-10,Particulier,Strasbourg,46.0
C02685,2022-04-20,Particulier,Bordeaux,38.0
C02686,2022-03-26,Professionnel,lille,24.0
C02687,2022-05-06,Particulier,Paris,17.0
C02688,2022-10-13,Professionnel,Lille,27.0
C02689,2024-02-05,Professionnel,Nantes,32.0
C02690,2020-01-08,Particulier,NANTES,26.0
C02691,2020-04-21,Particulier,  Nantes ,54.0
C02692,2019-12-18,Professionnel,Lille,28.0
C02693,2020-09-24,Particulier,strasbourg,32.0
C02694,2022-06-09,Association,Toulouse,35.0
C02695,2024-02-04,Professionnel,Paris,30.0
C02696,2023-06-20,Particulier,Bordeaux,43.0
C02697,2021-09-22,Association,Marseille,49.0
C02698,2020-12-10,Particulier,toulouse,22.0
C02699,2020-02-27,Particulier,Toulouse,62.0
C02700,2021-06-03,Particulier,Marseille,43.0
C02701,2020-08-07,Professionnel,Bordeaux,43.0
C02702,2019-10-23,Association,BORDEAUX,41.0
C02703,2019-02-28,Particulier,strasbourg,44.0
C02704,2020-12-27,Particulier,Nantes,32.0
C02705,2022-06-01,Professionnel,nantes,31.0
C02706,2022-06-04,Professionnel,Lille,61.0
C02707,2022-09-08,Professionnel,NANTES,
C02708,2019-08-29,Particulier,Nantes,24.0
C02709,2023-01-29,Particulier,Nantes,0.0
C02710,2022-09-26,Particulier,LYON,14.0
C02711,2020-03-20,Particulier,paris,-1.0
C02712,2023-06-08,Particulier,Strasbourg,38.0
C02713,2023-11-19,Professionnel,toulouse,52.0
C02714,2019-07-14,Particulier,Lille,66.0
C02715,2020-02-24,Particulier,strasbourg,52.0
C02716,2022-12-25,Professionnel,Nantes,52.0
C02717,2020-04-09,Professionnel,Bordeaux,31.0
C02718,2024-03-02,Particulier,Bordeaux,
C02719,2020-02-06,Particulier,Bordeaux,29.0
C02720,2022-06-20,Particulier,STRASBOURG,31.0
C02721,2019-10-08,Particulier,LYON,29.0
C02722,2022-12-19,Particulier,Strasbourg,23.0
C02723,2023-11-12,Professionnel,Lyon,20.0
C02724,2020-03-25,Particulier,Strasbourg,46.0
C02725,2024-05-17,Professionnel,Marseille,67.0
C02726,2020-10-05,Particulier,NANTES,50.0
C02727,2023-05-03,Particulier,Nantes,36.0
C02728,2023-11-25,Association,Strasbourg,67.0
C02729,2021-10-14,Particulier,Paris,25.0
C02730,2021-07-04,Particulier,Paris,35.0
C02731,2021-10-06,Professionnel,Toulouse,28.0
C02732,2021-05-01,Particulier,Paris,35.0
C02733,2022-06-26,Particulier,Paris,39.0
C02734,2023-07-28,Professionnel,Lille,57.0
C02735,2024-03-18,Association,Paris,29.0
C02736,2020-07-11,Particulier,Bordeaux,46.0
C02737,2019-05-27,Particulier,STRASBOURG,57.0
C02738,2022-11-02,Particulier,Lyon,48.0
C02739,2020-06-24,Particulier,Lille,46.0
C02740,2019-10-09,Association,Bordeaux,22.0
C02741,2021-09-19,Particulier,paris,22.0
C02742,2020-01-07,Particulier,PARIS,27.0
C02743,2020-11-28,Particulier,Nantes,32.0
C02744,2019-11-03,Particulier,PARIS,74.0
C02745,2020-03-09,Association,  Lyon ,33.0
C02746,2019-09-12,Particulier,Marseille,47.0
C02747,2021-05-13,Professionnel,Toulouse,45.0
C02748,2023-09-15,Particulier,PARIS,17.0
C02749,2020-04-24,Particulier,TOULOUSE,50.0
C02750,2019-01-16,Particulier,Paris,27.0
C02751,2019-04-07,Particulier,Nantes,25.0
C02752,2020-04-25,Particulier,Paris,37.0
C02753,2022-11-06,Particulier,Marseille,55.0
C02754,2019-12-19,Particulier,Lille,37.0
C02755,2021-05-23,Particulier,Paris,
C02756,2021-10-17,Particulier,Marseille,33.0
C02757,2023-01-31,Professionnel,Lille,49.0
C02758,2023-11-24,Particulier,strasbourg,34.0
C02759,2024-01-05,Association,Toulouse,44.0
C02760,2022-04-22,Professionnel,Strasbourg,38.0
C02761,2023-09-16,Particulier,  Lille ,39.0
C02762,2019-03-17,Particulier,  Lille ,31.0
C02763,2019-04-28,Professionnel,  Nantes ,32.0
C02764,2022-10-18,Particulier,Lille,19.0
C02765,2019-06-15,Professionnel,Paris,48.0
C02766,2019-08-04,Particulier,Lyon,35.0
C02767,2020-09-27,Professionnel,paris,39.0
C02768,2022-08-14,Professionnel,Marseille,38.0
C02769,2021-05-29,Particulier,Lyon,24.0
C02770,2023-12-11,Professionnel,nantes,49.0
C02771,2023-08-24,Particulier,lyon,
C02772,2019-02-05,Particulier,TOULOUSE,49.0
C02773,2020-10-13,Particulier,Marseille,36.0
C02774,2023-01-02,Particulier,Paris,50.0
C02775,2020-02-12,Particulier,Lyon,42.0
C02776,2020-09-13,Particulier,Toulouse,47.0
C02777,2020-11-06,Association,lille,47.0
C02778,2019-01-11,Professionnel,Toulouse,61.0
C02779,2024-02-17,Association,Lille,18.0
C02780,2021-02-10,Particulier,Lyon,42.0
C02781,2020-06-26,Professionnel,paris,55.0
C02782,2022-11-22,Particulier,STRASBOURG,23.0
C02783,2021-04-11,Particulier,Toulouse,61.0
C02784,2022-04-04,Professionnel,lille,43.0
C02785,2021-11-03,Particulier,Lyon,33.0
C02786,2021-02-18,Particulier,LILLE,39.0
C02787,2021-04-02,Professionnel,Lille,43.0
C02788,2019-07-31,Professionnel,Lille,62.0
C02789,2020-11-30,Professionnel,Paris,47.0
C02790,2021-09-28,Particulier,Bordeaux,26.0
C02791,2024-02-19,Particulier,PARIS,36.0
C02792,2019-11-29,Particulier,MARSEILLE,47.0
C02793,2020-12-20,Professionnel,  Strasbourg ,21.0
C02794,2020-12-16,Particulier,Marseille,48.0
C02795,2020-07-13,Particulier,toulouse,50.0
C02796,2020-03-26,Professionnel,Marseille,34.0
C02797,2023-03-20,Particulier,Toulouse,57.0
C02798,2021-10-04,Particulier,Toulouse,34.0
C02799,2024-02-11,Professionnel,Paris,30.0
C02800,2022-10-17,Particulier,lille,26.0
C02801,2022-04-05,Professionnel,Strasbourg,78.0
C02802,2022-11-18,Particulier,Paris,50.0
C02803,2023-08-02,Association,BORDEAUX,38.0
C02804,2023-11-16,Particulier,Strasbourg,31.0
C02805,2021-02-25,Professionnel,Marseille,14.0
C02806,2023-11-18,Particulier,Toulouse,54.0
C02807,2022-12-06,Particulier,LYON,33.0
C02808,2022-08-22,Professionnel,Nantes,40.0
C02809,2023-02-09,Particulier,Paris,59.0
C02810,2020-02-14,Particulier,  Paris ,44.0
C02811,2019-01-22,Particulier,Strasbourg,31.0
C02812,2023-12-12,Professionnel,Bordeaux,24.0
C02813,2021-03-11,Particulier,LYON,51.0
C02814,2020-04-27,Particulier,Nantes,41.0
C02815,2022-02-28,Association,Nantes,14.0
C02816,2022-09-22,Professionnel,Marseille,38.0
C02817,2019-05-15,Particulier,Lille,71.0
C02818,2021-06-19,Professionnel,Toulouse,41.0
C02819,2022-02-04,Particulier,Lyon,
C02820,2019-12-26,Particulier,Toulouse,
C02821,2023-10-23,Association,Bordeaux,43.0
C02822,2019-08-10,Professionnel,Strasbourg,30.0
C02823,2023-05-01,Particulier,  Nantes ,37.0
C02824,2024-05-26,Particulier,Marseille,25.0
C02825,2022-05-19,Professionnel,Bordeaux,63.0
C02826,2020-10-31,Particulier,Bordeaux,0.0
C02827,2021-09-09,Particulier,Marseille,
C02828,2020-09-10,Professionnel,Paris,46.0
C02829,2019-03-10,Professionnel,Lyon,56.0
C02830,2019-03-15,Professionnel,lille,44.0
C02831,2020-03-25,Association,marseille,19.0
C02832,2022-12-21,Particulier,LILLE,44.0
C02833,2020-11-29,Association,BORDEAUX,43.0
C02834,2023-05-04,Particulier,Bordeaux,48.0
C02835,2024-02-20,Particulier,  Marseille ,17.0
C02836,2020-03-05,Particulier,Bordeaux,48.0
C02837,2023-08-03,Association,Lyon,24.0
C02838,2023-02-11,Association,MARSEILLE,16.0
C02839,2020-11-27,Association,Nantes,36.0
C02840,2021-12-08,Association,Marseille,21.0
C02841,2022-10-17,Particulier,Paris,48.0
C02842,2024-04-08,Particulier,STRASBOURG,37.0
C02843,2020-09-29,Professionnel,Nantes,23.0
C02844,2019-12-13,Professionnel,Lille,80.0
C02845,2021-08-03,Association,Paris,22.0
C02846,2023-06-14,Particulier,Strasbourg,35.0
C02847,2019-07-05,Particulier,Paris,22.0
C02848,2019-07-31,Professionnel,Marseille,48.0
C02849,2021-01-20,Professionnel,bordeaux,18.0
C02850,2022-01-19,Professionnel,Lyon,58.0
C02851,2021-01-24,Professionnel,lyon,40.0
C02852,2024-03-29,Particulier,Paris,48.0
C02853,2023-11-24,Professionnel,nantes,
C02854,2022-08-27,Professionnel,nantes,42.0
C02855,2019-08-20,Association,Paris,47.0
C02856,2024-04-24,Association,toulouse,0.0
C02857,2023-03-07,Professionnel,Lyon,30.0
C02858,2022-07-27,Particulier,Toulouse,51.0
C02859,2021-09-03,Association,Marseille,
C02860,2020-08-18,Professionnel,Lille,44.0
C02861,2019-01-01,Particulier,Marseille,47.0
C02862,2021-06-19,Particulier,MARSEILLE,27.0
C02863,2020-10-16,Particulier,marseille,44.0
C02864,2020-08-27,Particulier,Lyon,66.0
C02865,2020-07-21,Particulier,Paris,
C02866,2021-08-25,Professionnel,Lille,54.0
C02867,2020-09-18,Professionnel,Toulouse,76.0
C02868,2019-04-03,Association,Strasbourg,24.0
C02869,2023-11-07,Particulier,Paris,31.0
C02870,2019-01-17,Particulier,Toulouse,28.0
C02871,2019-01-31,Particulier,Paris,34.0
C02872,2020-11-11,Particulier,Lyon,
C02873,2019-06-08,Professionnel,  Marseille ,50.0
C02874,2019-10-20,Particulier,Lyon,42.0
C02875,2019-01-02,Particulier,Bordeaux,37.0
C02876,2023-07-11,Association,lille,
C02877,2024-03-31,Particulier,Strasbourg,22.0
C02878,2020-03-15,Professionnel,LYON,27.0
C02879,2021-08-06,Particulier,Nantes,13.0
C02880,2022-05-04,Association,MARSEILLE,38.0
C02881,2023-02-01,Particulier,Lyon,54.0
C02882,2020-05-01,Professionnel,Marseille,
C02883,2022-05-21,Particulier,Lyon,41.0
C02884,2024-01-16,Particulier,Marseille,39.0
C02885,2019-04-12,Professionnel,Paris,37.0
C02886,2021-04-22,Professionnel,Lyon,-1.0
C02887,2019-03-19,Professionnel,lille,39.0
C02888,2020-12-17,Professionnel,Paris,40.0
C02889,2019-02-04,Professionnel,Paris,56.0
C02890,2022-10-19,Professionnel,PARIS,52.0
C02891,2021-05-05,Professionnel,Paris,50.0
C02892,2022-11-15,Professionnel,Toulouse,34.0
C02893,2022-04-30,Particulier,NANTES,62.0
C02894,2021-11-21,Association,Lille,38.0
C02895,2023-11-03,Professionnel,  Toulouse ,27.0
C02896,2019-12-21,Professionnel,Paris,51.0
C02897,2020-12-21,Particulier,marseille,20.0
C02898,2020-09-19,Professionnel,LYON,38.0
C02899,2023-06-05,Particulier,Toulouse,30.0
C02900,2024-05-18,Professionnel,  Paris ,25.0
C02901,2019-12-16,Particulier,Strasbourg,46.0
C02902,2021-01-21,Professionnel,Lille,33.0
C02903,2019-08-20,Particulier,  Strasbourg ,31.0
C02904,2021-04-28,Particulier,  Toulouse ,48.0
C02905,2022-03-19,Particulier,Lille,19.0
C02906,2022-04-22,Particulier,toulouse,42.0
C02907,2019-11-06,Professionnel,Marseille,47.0
C02908,2024-05-21,Professionnel,Toulouse,54.0
C02909,2022-11-12,Association,nantes,47.0
C02910,2023-11-16,Particulier,Marseille,40.0
C02911,2020-01-04,Particulier,Strasbourg,30.0
C02912,2020-11-26,Professionnel,Toulouse,45.0
C02913,2020-07-02,Professionnel,Paris,46.0
C02914,2022-05-06,Association,Lille,28.0
C02915,2019-09-28,Professionnel,bordeaux,50.0
C02916,2019-09-22,Particulier,Lyon,26.0
C02917,2021-12-09,Association,Paris,60.0
C02918,2020-11-23,Particulier,Marseille,38.0
C02919,2023-12-06,Professionnel,Bordeaux,33.0
C02920,2022-03-06,Particulier,TOULOUSE,18.0
C02921,2021-02-17,Particulier,Lyon,39.0
C02922,2021-02-14,Particulier,Toulouse,42.0
C02923,2021-08-05,Particulier,Toulouse,80.0
C02924,2024-02-03,Particulier,Nantes,38.0
C02925,2021-08-02,Association,MARSEILLE,
C02926,2021-02-22,Association,Paris,48.0
C02927,2022-08-25,Particulier,Toulouse,39.0
C02928,2021-09-11,Particulier,Marseille,51.0
C02929,2021-12-23,Professionnel,Bordeaux,46.0
C02930,2022-09-10,Association,Lyon,36.0
C02931,2023-09-01,Particulier,Nantes,19.0
C02932,2020-03-13,Association,Toulouse,57.0
C02933,2019-04-26,Association,toulouse,39.0
C02934,2019-08-11,Particulier,Bordeaux,46.0
C02935,2023-01-19,Professionnel,  Lyon ,42.0
C02936,2019-01-30,Particulier,Bordeaux,43.0
C02937,2023-12-14,Professionnel,Nantes,
C02938,2022-06-24,Association,paris,46.0
C02939,2021-11-18,Professionnel,Bordeaux,50.0
C02940,2022-02-09,Professionnel,Lille,57.0
C02941,2021-04-21,Particulier,Nantes,52.0
C02942,2024-01-29,Association,Bordeaux,18.0
C02943,2019-02-01,Particulier,lyon,34.0
C02944,2022-09-05,Association,  Lille ,41.0
C02945,2023-02-22,Particulier,nantes,40.0
C02946,2020-09-11,Professionnel,Marseille,13.0
C02947,2024-03-05,Particulier,Strasbourg,46.0
C02948,2020-01-11,Particulier,  Nantes ,999.0
C02949,2021-05-26,Particulier,LILLE,34.0
C02950,2021-05-01,Association,LILLE,40.0
C02951,2022-06-06,Particulier,Bordeaux,35.0
C02952,2024-06-15,Particulier,Bordeaux,47.0
C02953,2024-03-10,Particulier,  Lyon ,40.0
C02954,2024-06-01,Particulier,Paris,33.0
C02955,2022-10-25,Association,BORDEAUX,
C02956,2020-07-03,Professionnel,Strasbourg,
C02957,2020-08-04,Particulier,Lille,38.0
C02958,2021-11-20,Particulier,Toulouse,41.0
C02959,2024-02-06,Association,Lyon,43.0
C02960,2022-11-11,Professionnel,Bordeaux,40.0
C02961,2024-03-04,Particulier,Marseille,41.0
C02962,2020-04-16,Particulier,Toulouse,
C02963,2020-07-03,Particulier,BORDEAUX,54.0
C02964,2021-05-17,Professionnel,Lille,56.0
C02965,2020-06-08,Particulier,Lyon,34.0
C02966,2020-06-06,Association,toulouse,56.0
C02967,2020-07-19,Association,Nantes,39.0
C02968,2021-06-19,Particulier,Nantes,36.0
C02969,2023-04-12,Association,Strasbourg,48.0
C02970,2022-08-13,Professionnel,Toulouse,51.0
C02971,2023-12-27,Particulier,Toulouse,48.0
C02972,2023-02-21,Particulier,BORDEAUX,37.0
C02973,2021-12-04,Professionnel,Bordeaux,33.0
C02974,2019-11-22,Particulier,Lyon,34.0
C02975,2022-10-30,Particulier,Lille,58.0
C02976,2024-03-19,Particulier,Lille,37.0
C02977,2023-01-01,Particulier,Strasbourg,29.0
C02978,2024-04-08,Association,NANTES,43.0
C02979,2019-09-24,Professionnel,NANTES,36.0
C02980,2022-12-05,Particulier,Lille,53.0
C02981,2020-03-09,Professionnel,Lyon,48.0
C02982,2024-01-25,Particulier,bordeaux,37.0
C02983,2022-09-15,Particulier,Lille,23.0
C02984,2021-02-27,Particulier,Paris,34.0
C02985,2020-01-29,Particulier,Bordeaux,47.0
C02986,2023-03-19,Professionnel,Lyon,55.0
C02987,2024-01-12,Professionnel,Strasbourg,57.0
C02988,2021-11-03,Particulier,strasbourg,40.0
C02989,2020-07-04,Particulier,toulouse,56.0
C02990,2020-10-11,Particulier,Strasbourg,36.0
C02991,2022-06-03,Particulier,Strasbourg,51.0
C02992,2022-09-17,Particulier,Bordeaux,42.0
C02993,2023-01-16,Particulier,Toulouse,46.0
C02994,2021-10-15,Professionnel,Lille,34.0
C02995,2019-10-13,Professionnel,Lille,38.0
C02996,2022-02-21,Professionnel,Strasbourg,64.0
C02997,2024-05-28,Particulier,Paris,17.0
C02998,2020-03-31,Particulier,TOULOUSE,38.0
C02999,2020-03-19,Professionnel,Lille,54.0
C03000,2019-08-26,Particulier,Nantes,29.0
990000,2023-10-10,Particulier,Lyon,50.0
990001,2023-11-12,Particulier,Lyon,40.0
990002,2020-09-20,Association,Toulouse,
990003,2023-01-10,Professionnel,Bordeaux,46.0
990004,2021-02-13,Association,Toulouse,49.0
990005,2019-10-14,Professionnel,paris,34.0
990006,2023-03-29,Professionnel,Nantes,38.0
990007,2021-04-29,Particulier,Marseille,
990008,2021-10-22,Particulier,Lille,45.0
990009,2024-04-04,Professionnel,Lyon,47.0
990010,2023-06-18,Association,Paris,
990011,2022-04-08,Professionnel,Marseille,26.0
990012,2022-01-25,Particulier,Lille,48.0
990013,2024-02-19,Professionnel,Marseille,40.0
990014,2020-11-06,Association,lille,47.0
990015,2023-08-24,Particulier,STRASBOURG,32.0
990016,2019-05-04,Professionnel,Lyon,44.0
990017,2020-12-12,Professionnel,Strasbourg,56.0
990018,2020-06-24,Particulier,Lille,46.0
990019,2023-06-19,Particulier,Paris,46.0
990020,2020-07-15,Particulier,Lyon,35.0
990021,2020-05-25,Particulier,Nantes,56.0
990022,2020-07-17,Professionnel,Paris,51.0
990023,2023-07-04,Particulier,paris,27.0
990024,2023-08-11,Professionnel,Lille,55.0
990025,2019-12-21,Professionnel,Paris,51.0
990026,2023-08-14,Association,Toulouse,19.0
990027,2021-09-12,Association,Paris,30.0
990028,2020-04-11,Professionnel,Strasbourg,23.0
990029,2024-01-13,Particulier,Bordeaux,44.0
990030,2020-09-06,Association,Lyon,
990031,2019-02-24,Professionnel,Bordeaux,
990032,2021-02-20,Association,LYON,23.0
990033,2024-03-29,Particulier,Paris,48.0
990034,2021-03-11,Professionnel,Bordeaux,33.0
990035,2024-02-13,Particulier,Bordeaux,24.0
990036,2020-10-08,Particulier,Lyon,37.0
990037,2021-04-03,Particulier,toulouse,41.0
990038,2021-07-12,Professionnel,Nantes,59.0
990039,2024-02-19,Association,nantes,51.0
990040,2023-04-30,Particulier,PARIS,27.0
990041,2019-11-28,Particulier,bordeaux,23.0
990042,2019-06-29,Professionnel,Paris,29.0
990043,2024-03-16,Particulier,Bordeaux,51.0
990044,2022-11-22,Professionnel,Lille,41.0
990045,2023-12-31,Professionnel,marseille,42.0
990046,2022-03-14,Particulier,Lille,41.0
990047,2019-11-29,Particulier,  Lyon ,39.0
990048,2020-11-02,Professionnel,Strasbourg,16.0
990049,2022-03-11,Association,Nantes,25.0
990050,2022-03-09,Association,Lyon,41.0
990051,2023-06-16,Particulier,Strasbourg,38.0
990052,2019-10-28,Professionnel,lyon,44.0
990053,2020-12-01,Professionnel,Nantes,31.0
990054,2019-02-13,Particulier,Toulouse,41.0
990055,2021-01-21,Professionnel,Lille,33.0
990056,2021-04-02,Particulier,strasbourg,48.0
990057,2021-10-14,Professionnel,Strasbourg,42.0
990058,2022-04-01,Particulier,Lyon,24.0
990059,2022-05-30,Particulier,Bordeaux,41.0
